 M Makefile
 M Taskfile.yml
 M spikes/cgroup-bpf/Cargo.lock
 M spikes/cgroup-bpf/Cargo.toml
 M spikes/cgroup-bpf/REPORT.md
 M spikes/cgroup-bpf/S13-CONTRACT.md
 M spikes/cgroup-bpf/agent/Cargo.toml
 D spikes/cgroup-bpf/evidence/.gitattributes
 D spikes/cgroup-bpf/evidence/.gitignore
 D spikes/cgroup-bpf/evidence/s0/attach-after-cgroup.json
 D spikes/cgroup-bpf/evidence/s0/attach-after-link.json
 D spikes/cgroup-bpf/evidence/s0/attach-after-pins.txt
 D spikes/cgroup-bpf/evidence/s0/attach-baseline-cgroup-effective.json
 D spikes/cgroup-bpf/evidence/s0/attach-baseline-cgroup.json
 D spikes/cgroup-bpf/evidence/s0/attach-baseline-link.json
 D spikes/cgroup-bpf/evidence/s0/attach-baseline-prog.json
 D spikes/cgroup-bpf/evidence/s0/attach-foreign-baseline.txt
 D spikes/cgroup-bpf/evidence/s0/attach-link-before.json
 D spikes/cgroup-bpf/evidence/s0/attach-preflight.txt
 D spikes/cgroup-bpf/evidence/s0/attach-prog-before.json
 D spikes/cgroup-bpf/evidence/s0/attach-removed-bpffs.txt
 D spikes/cgroup-bpf/evidence/s0/attach-removed-cgroup.json
 D spikes/cgroup-bpf/evidence/s0/attach-removed-link.json
 D spikes/cgroup-bpf/evidence/s0/attach.txt
 D spikes/cgroup-bpf/evidence/s0/cgroup.txt
 D spikes/cgroup-bpf/evidence/s0/delegation-after-restart.txt
 D spikes/cgroup-bpf/evidence/s0/delegation.txt
 D spikes/cgroup-bpf/evidence/s0/env.txt
 D spikes/cgroup-bpf/evidence/s0/kconfig-bpf.txt
 D spikes/cgroup-bpf/evidence/s0/probe.txt
 D spikes/cgroup-bpf/evidence/s0/s04-baseline-ancestor.json
 D spikes/cgroup-bpf/evidence/s0/s04-baseline-cgroup.json
 D spikes/cgroup-bpf/evidence/s0/s04-baseline-effective.json
 D spikes/cgroup-bpf/evidence/s0/s04-baseline-link.json
 D spikes/cgroup-bpf/evidence/s0/s04-baseline-prog.json
 D spikes/cgroup-bpf/evidence/s0/s04-exclusive-ancestor.json
 D spikes/cgroup-bpf/evidence/s0/s04-exclusive-child.json
 D spikes/cgroup-bpf/evidence/s0/s04-exclusive-effective.json
 D spikes/cgroup-bpf/evidence/s0/s04-exclusive-link.json
 D spikes/cgroup-bpf/evidence/s0/s04-exclusive.txt
 D spikes/cgroup-bpf/evidence/s0/s04-final-ancestor.json
 D spikes/cgroup-bpf/evidence/s0/s04-final-bpffs.txt
 D spikes/cgroup-bpf/evidence/s0/s04-final-child.json
 D spikes/cgroup-bpf/evidence/s0/s04-final-effective.json
 D spikes/cgroup-bpf/evidence/s0/s04-final-link.json
 D spikes/cgroup-bpf/evidence/s0/s04-final-prog.json
 D spikes/cgroup-bpf/evidence/s0/s04-foreign-object.txt
 D spikes/cgroup-bpf/evidence/s0/s04-multi-ancestor.json
 D spikes/cgroup-bpf/evidence/s0/s04-multi-child.json
 D spikes/cgroup-bpf/evidence/s0/s04-multi-effective.json
 D spikes/cgroup-bpf/evidence/s0/s04-multi-link.json
 D spikes/cgroup-bpf/evidence/s0/s04-multi.txt
 D spikes/cgroup-bpf/evidence/s0/s04-preflight.txt
 D spikes/cgroup-bpf/evidence/s0/s04-run-baseline-ancestor.json
 D spikes/cgroup-bpf/evidence/s0/s04-run-baseline-bpffs.txt
 D spikes/cgroup-bpf/evidence/s0/s04-run-baseline-child.json
 D spikes/cgroup-bpf/evidence/s0/s04-run-baseline-effective.json
 D spikes/cgroup-bpf/evidence/s0/s04-run-baseline-link.json
 D spikes/cgroup-bpf/evidence/s0/s04-run-baseline-prog.json
 D spikes/cgroup-bpf/evidence/s0/s05-cleanup.txt
 D spikes/cgroup-bpf/evidence/s0/s05-final-link.json
 D spikes/cgroup-bpf/evidence/s0/s05-final-prog.json
 D spikes/cgroup-bpf/evidence/s0/sysctl.txt
 D spikes/cgroup-bpf/evidence/s0/versions.txt
 D spikes/cgroup-bpf/evidence/s0/vm-logs/s04-exclusive-a225cb.log
 D spikes/cgroup-bpf/evidence/s0/vm-logs/s04-exclusive-af6891.log
 D spikes/cgroup-bpf/evidence/s0/vm-logs/s04-multi-a225cb.log
 D spikes/cgroup-bpf/evidence/s0/vm-logs/s04-multi2-a225cb.log
 D spikes/cgroup-bpf/evidence/s0/vm-logs/soglia-s03-harness-ebe95619.log
 D spikes/cgroup-bpf/evidence/s1/attempt1/s1-build.txt
 D spikes/cgroup-bpf/evidence/s1/attempt1/s1-cleanup.txt
 D spikes/cgroup-bpf/evidence/s1/attempt1/s1-during-cgroup-direct.json
 D spikes/cgroup-bpf/evidence/s1/attempt1/s1-during-cgroup-effective.json
 D spikes/cgroup-bpf/evidence/s1/attempt1/s1-during-link.json
 D spikes/cgroup-bpf/evidence/s1/attempt1/s1-during-map.json
 D spikes/cgroup-bpf/evidence/s1/attempt1/s1-during-prog.json
 D spikes/cgroup-bpf/evidence/s1/attempt1/s1-during-state.txt
 D spikes/cgroup-bpf/evidence/s1/attempt1/s1-final-link.json
 D spikes/cgroup-bpf/evidence/s1/attempt1/s1-final-prog.json
 D spikes/cgroup-bpf/evidence/s1/attempt1/s1-harness-exit-status.txt
 D spikes/cgroup-bpf/evidence/s1/attempt1/s1-harness.txt
 D spikes/cgroup-bpf/evidence/s1/attempt1/s1-preflight.txt
 D spikes/cgroup-bpf/evidence/s1/attempt1/s1-provenance.txt
 D spikes/cgroup-bpf/evidence/s1/attempt1/s1-run-exit-status.txt
 D spikes/cgroup-bpf/evidence/s1/attempt1/s1-topology.txt
 D spikes/cgroup-bpf/evidence/s1/attempt2/s1-build.txt
 D spikes/cgroup-bpf/evidence/s1/attempt2/s1-cleanup.txt
 D spikes/cgroup-bpf/evidence/s1/attempt2/s1-during-cgroup-direct.json
 D spikes/cgroup-bpf/evidence/s1/attempt2/s1-during-cgroup-effective.json
 D spikes/cgroup-bpf/evidence/s1/attempt2/s1-during-link.json
 D spikes/cgroup-bpf/evidence/s1/attempt2/s1-during-map.json
 D spikes/cgroup-bpf/evidence/s1/attempt2/s1-during-prog.json
 D spikes/cgroup-bpf/evidence/s1/attempt2/s1-during-state.txt
 D spikes/cgroup-bpf/evidence/s1/attempt2/s1-final-link.json
 D spikes/cgroup-bpf/evidence/s1/attempt2/s1-final-prog.json
 D spikes/cgroup-bpf/evidence/s1/attempt2/s1-harness-exit-status.txt
 D spikes/cgroup-bpf/evidence/s1/attempt2/s1-harness.txt
 D spikes/cgroup-bpf/evidence/s1/attempt2/s1-preflight.txt
 D spikes/cgroup-bpf/evidence/s1/attempt2/s1-provenance.txt
 D spikes/cgroup-bpf/evidence/s1/attempt2/s1-run-exit-status.txt
 D spikes/cgroup-bpf/evidence/s1/attempt2/s1-topology.txt
 D spikes/cgroup-bpf/evidence/s1/diagnostic/attempt1-no-agent/s1-build.txt
 D spikes/cgroup-bpf/evidence/s1/diagnostic/attempt1-no-agent/s1-cleanup.txt
 D spikes/cgroup-bpf/evidence/s1/diagnostic/attempt1-no-agent/s1-during-cgroup-direct.json
 D spikes/cgroup-bpf/evidence/s1/diagnostic/attempt1-no-agent/s1-during-cgroup-effective.json
 D spikes/cgroup-bpf/evidence/s1/diagnostic/attempt1-no-agent/s1-during-link.json
 D spikes/cgroup-bpf/evidence/s1/diagnostic/attempt1-no-agent/s1-during-map.json
 D spikes/cgroup-bpf/evidence/s1/diagnostic/attempt1-no-agent/s1-during-prog.json
 D spikes/cgroup-bpf/evidence/s1/diagnostic/attempt1-no-agent/s1-during-state.txt
 D spikes/cgroup-bpf/evidence/s1/diagnostic/attempt1-no-agent/s1-final-link.json
 D spikes/cgroup-bpf/evidence/s1/diagnostic/attempt1-no-agent/s1-final-prog.json
 D spikes/cgroup-bpf/evidence/s1/diagnostic/attempt1-no-agent/s1-harness-exit-status.txt
 D spikes/cgroup-bpf/evidence/s1/diagnostic/attempt1-no-agent/s1-harness.txt
 D spikes/cgroup-bpf/evidence/s1/diagnostic/attempt1-no-agent/s1-preflight.txt
 D spikes/cgroup-bpf/evidence/s1/diagnostic/attempt1-no-agent/s1-provenance.txt
 D spikes/cgroup-bpf/evidence/s1/diagnostic/attempt1-no-agent/s1-run-exit-status.txt
 D spikes/cgroup-bpf/evidence/s1/diagnostic/attempt1-no-agent/s1-topology.txt
 D spikes/cgroup-bpf/evidence/s1/diagnostic/s1-build.txt
 D spikes/cgroup-bpf/evidence/s1/diagnostic/s1-cleanup.txt
 D spikes/cgroup-bpf/evidence/s1/diagnostic/s1-during-cgroup-direct.json
 D spikes/cgroup-bpf/evidence/s1/diagnostic/s1-during-cgroup-effective.json
 D spikes/cgroup-bpf/evidence/s1/diagnostic/s1-during-link.json
 D spikes/cgroup-bpf/evidence/s1/diagnostic/s1-during-map.json
 D spikes/cgroup-bpf/evidence/s1/diagnostic/s1-during-prog.json
 D spikes/cgroup-bpf/evidence/s1/diagnostic/s1-during-state.txt
 D spikes/cgroup-bpf/evidence/s1/diagnostic/s1-final-link.json
 D spikes/cgroup-bpf/evidence/s1/diagnostic/s1-final-prog.json
 D spikes/cgroup-bpf/evidence/s1/diagnostic/s1-harness-exit-status.txt
 D spikes/cgroup-bpf/evidence/s1/diagnostic/s1-harness.txt
 D spikes/cgroup-bpf/evidence/s1/diagnostic/s1-preflight.txt
 D spikes/cgroup-bpf/evidence/s1/diagnostic/s1-provenance.txt
 D spikes/cgroup-bpf/evidence/s1/diagnostic/s1-run-exit-status.txt
 D spikes/cgroup-bpf/evidence/s1/diagnostic/s1-topology.txt
 D spikes/cgroup-bpf/evidence/s1/placement-fixed/attempt1-compare-bug/s1-build.txt
 D spikes/cgroup-bpf/evidence/s1/placement-fixed/attempt1-compare-bug/s1-cleanup.txt
 D spikes/cgroup-bpf/evidence/s1/placement-fixed/attempt1-compare-bug/s1-during-cgroup-direct.json
 D spikes/cgroup-bpf/evidence/s1/placement-fixed/attempt1-compare-bug/s1-during-cgroup-effective.json
 D spikes/cgroup-bpf/evidence/s1/placement-fixed/attempt1-compare-bug/s1-during-link.json
 D spikes/cgroup-bpf/evidence/s1/placement-fixed/attempt1-compare-bug/s1-during-map.json
 D spikes/cgroup-bpf/evidence/s1/placement-fixed/attempt1-compare-bug/s1-during-prog.json
 D spikes/cgroup-bpf/evidence/s1/placement-fixed/attempt1-compare-bug/s1-during-state.txt
 D spikes/cgroup-bpf/evidence/s1/placement-fixed/attempt1-compare-bug/s1-final-link.json
 D spikes/cgroup-bpf/evidence/s1/placement-fixed/attempt1-compare-bug/s1-final-prog.json
 D spikes/cgroup-bpf/evidence/s1/placement-fixed/attempt1-compare-bug/s1-harness-exit-status.txt
 D spikes/cgroup-bpf/evidence/s1/placement-fixed/attempt1-compare-bug/s1-harness.txt
 D spikes/cgroup-bpf/evidence/s1/placement-fixed/attempt1-compare-bug/s1-host-placement.txt
 D spikes/cgroup-bpf/evidence/s1/placement-fixed/attempt1-compare-bug/s1-preflight.txt
 D spikes/cgroup-bpf/evidence/s1/placement-fixed/attempt1-compare-bug/s1-provenance.txt
 D spikes/cgroup-bpf/evidence/s1/placement-fixed/attempt1-compare-bug/s1-run-exit-status.txt
 D spikes/cgroup-bpf/evidence/s1/placement-fixed/attempt1-compare-bug/s1-topology.txt
 D spikes/cgroup-bpf/evidence/s1/placement-fixed/s1-before-connection-cookie.json
 D spikes/cgroup-bpf/evidence/s1/placement-fixed/s1-before-connection-counters.json
 D spikes/cgroup-bpf/evidence/s1/placement-fixed/s1-before-connection-denies.json
 D spikes/cgroup-bpf/evidence/s1/placement-fixed/s1-before-connection-diag.json
 D spikes/cgroup-bpf/evidence/s1/placement-fixed/s1-before-connection-effective.json
 D spikes/cgroup-bpf/evidence/s1/placement-fixed/s1-before-connection-link.json
 D spikes/cgroup-bpf/evidence/s1/placement-fixed/s1-before-connection-map.json
 D spikes/cgroup-bpf/evidence/s1/placement-fixed/s1-before-connection-prog.json
 D spikes/cgroup-bpf/evidence/s1/placement-fixed/s1-before-connection-tuples.json
 D spikes/cgroup-bpf/evidence/s1/placement-fixed/s1-build.txt
 D spikes/cgroup-bpf/evidence/s1/placement-fixed/s1-cleanup.txt
 D spikes/cgroup-bpf/evidence/s1/placement-fixed/s1-during-cgroup-direct.json
 D spikes/cgroup-bpf/evidence/s1/placement-fixed/s1-during-cgroup-effective.json
 D spikes/cgroup-bpf/evidence/s1/placement-fixed/s1-during-link.json
 D spikes/cgroup-bpf/evidence/s1/placement-fixed/s1-during-map.json
 D spikes/cgroup-bpf/evidence/s1/placement-fixed/s1-during-prog.json
 D spikes/cgroup-bpf/evidence/s1/placement-fixed/s1-during-state.txt
 D spikes/cgroup-bpf/evidence/s1/placement-fixed/s1-final-link.json
 D spikes/cgroup-bpf/evidence/s1/placement-fixed/s1-final-prog.json
 D spikes/cgroup-bpf/evidence/s1/placement-fixed/s1-harness-exit-status.txt
 D spikes/cgroup-bpf/evidence/s1/placement-fixed/s1-harness.txt
 D spikes/cgroup-bpf/evidence/s1/placement-fixed/s1-host-placement.txt
 D spikes/cgroup-bpf/evidence/s1/placement-fixed/s1-membership.txt
 D spikes/cgroup-bpf/evidence/s1/placement-fixed/s1-preflight.txt
 D spikes/cgroup-bpf/evidence/s1/placement-fixed/s1-provenance.txt
 D spikes/cgroup-bpf/evidence/s1/placement-fixed/s1-run-exit-status.txt
 D spikes/cgroup-bpf/evidence/s1/placement-fixed/s1-topology.txt
 D spikes/cgroup-bpf/evidence/s1/port-fixed/s1-before-connection-cookie.json
 D spikes/cgroup-bpf/evidence/s1/port-fixed/s1-before-connection-counters.json
 D spikes/cgroup-bpf/evidence/s1/port-fixed/s1-before-connection-denies.json
 D spikes/cgroup-bpf/evidence/s1/port-fixed/s1-before-connection-diag.json
 D spikes/cgroup-bpf/evidence/s1/port-fixed/s1-before-connection-effective.json
 D spikes/cgroup-bpf/evidence/s1/port-fixed/s1-before-connection-link.json
 D spikes/cgroup-bpf/evidence/s1/port-fixed/s1-before-connection-map.json
 D spikes/cgroup-bpf/evidence/s1/port-fixed/s1-before-connection-port-diag.json
 D spikes/cgroup-bpf/evidence/s1/port-fixed/s1-before-connection-prog.json
 D spikes/cgroup-bpf/evidence/s1/port-fixed/s1-before-connection-tuples.json
 D spikes/cgroup-bpf/evidence/s1/port-fixed/s1-cleanup.txt
 D spikes/cgroup-bpf/evidence/s1/port-fixed/s1-during-cgroup-direct.json
 D spikes/cgroup-bpf/evidence/s1/port-fixed/s1-during-cgroup-effective.json
 D spikes/cgroup-bpf/evidence/s1/port-fixed/s1-during-link.json
 D spikes/cgroup-bpf/evidence/s1/port-fixed/s1-during-map.json
 D spikes/cgroup-bpf/evidence/s1/port-fixed/s1-during-prog.json
 D spikes/cgroup-bpf/evidence/s1/port-fixed/s1-during-state.txt
 D spikes/cgroup-bpf/evidence/s1/port-fixed/s1-final-link.json
 D spikes/cgroup-bpf/evidence/s1/port-fixed/s1-final-prog.json
 D spikes/cgroup-bpf/evidence/s1/port-fixed/s1-harness-exit-status.txt
 D spikes/cgroup-bpf/evidence/s1/port-fixed/s1-harness.txt
 D spikes/cgroup-bpf/evidence/s1/port-fixed/s1-host-placement.txt
 D spikes/cgroup-bpf/evidence/s1/port-fixed/s1-membership.txt
 D spikes/cgroup-bpf/evidence/s1/port-fixed/s1-port-contract.txt
 D spikes/cgroup-bpf/evidence/s1/port-fixed/s1-preflight.txt
 D spikes/cgroup-bpf/evidence/s1/port-fixed/s1-provenance.txt
 D spikes/cgroup-bpf/evidence/s1/port-fixed/s1-run-exit-status.txt
 D spikes/cgroup-bpf/evidence/s1/port-fixed/s1-topology.txt
 D spikes/cgroup-bpf/evidence/s1/port-trace/s1-before-connection-cookie.json
 D spikes/cgroup-bpf/evidence/s1/port-trace/s1-before-connection-counters.json
 D spikes/cgroup-bpf/evidence/s1/port-trace/s1-before-connection-denies.json
 D spikes/cgroup-bpf/evidence/s1/port-trace/s1-before-connection-diag.json
 D spikes/cgroup-bpf/evidence/s1/port-trace/s1-before-connection-effective.json
 D spikes/cgroup-bpf/evidence/s1/port-trace/s1-before-connection-link.json
 D spikes/cgroup-bpf/evidence/s1/port-trace/s1-before-connection-map.json
 D spikes/cgroup-bpf/evidence/s1/port-trace/s1-before-connection-port-diag.json
 D spikes/cgroup-bpf/evidence/s1/port-trace/s1-before-connection-prog.json
 D spikes/cgroup-bpf/evidence/s1/port-trace/s1-before-connection-tuples.json
 D spikes/cgroup-bpf/evidence/s1/port-trace/s1-cleanup.txt
 D spikes/cgroup-bpf/evidence/s1/port-trace/s1-during-cgroup-direct.json
 D spikes/cgroup-bpf/evidence/s1/port-trace/s1-during-cgroup-effective.json
 D spikes/cgroup-bpf/evidence/s1/port-trace/s1-during-link.json
 D spikes/cgroup-bpf/evidence/s1/port-trace/s1-during-map.json
 D spikes/cgroup-bpf/evidence/s1/port-trace/s1-during-prog.json
 D spikes/cgroup-bpf/evidence/s1/port-trace/s1-during-state.txt
 D spikes/cgroup-bpf/evidence/s1/port-trace/s1-final-link.json
 D spikes/cgroup-bpf/evidence/s1/port-trace/s1-final-prog.json
 D spikes/cgroup-bpf/evidence/s1/port-trace/s1-harness-exit-status.txt
 D spikes/cgroup-bpf/evidence/s1/port-trace/s1-harness.txt
 D spikes/cgroup-bpf/evidence/s1/port-trace/s1-host-placement.txt
 D spikes/cgroup-bpf/evidence/s1/port-trace/s1-membership.txt
 D spikes/cgroup-bpf/evidence/s1/port-trace/s1-port-contract.txt
 D spikes/cgroup-bpf/evidence/s1/port-trace/s1-preflight.txt
 D spikes/cgroup-bpf/evidence/s1/port-trace/s1-provenance.txt
 D spikes/cgroup-bpf/evidence/s1/port-trace/s1-run-exit-status.txt
 D spikes/cgroup-bpf/evidence/s1/port-trace/s1-topology.txt
 D spikes/cgroup-bpf/evidence/s1/s1-build.txt
 D spikes/cgroup-bpf/evidence/s1/s1-cleanup.txt
 D spikes/cgroup-bpf/evidence/s1/s1-during-cgroup-direct.json
 D spikes/cgroup-bpf/evidence/s1/s1-during-cgroup-effective.json
 D spikes/cgroup-bpf/evidence/s1/s1-during-link.json
 D spikes/cgroup-bpf/evidence/s1/s1-during-map.json
 D spikes/cgroup-bpf/evidence/s1/s1-during-prog.json
 D spikes/cgroup-bpf/evidence/s1/s1-during-state.txt
 D spikes/cgroup-bpf/evidence/s1/s1-final-link.json
 D spikes/cgroup-bpf/evidence/s1/s1-final-live.txt
 D spikes/cgroup-bpf/evidence/s1/s1-final-prog.json
 D spikes/cgroup-bpf/evidence/s1/s1-harness-exit-status.txt
 D spikes/cgroup-bpf/evidence/s1/s1-harness.txt
 D spikes/cgroup-bpf/evidence/s1/s1-preflight.txt
 D spikes/cgroup-bpf/evidence/s1/s1-provenance.txt
 D spikes/cgroup-bpf/evidence/s1/s1-run-exit-status.txt
 D spikes/cgroup-bpf/evidence/s1/s1-topology.txt
 D spikes/cgroup-bpf/evidence/s10/run1/s10-baseline-bpffs.txt
 D spikes/cgroup-bpf/evidence/s10/run1/s10-baseline-host-nft.json
 D spikes/cgroup-bpf/evidence/s10/run1/s10-baseline-link.json
 D spikes/cgroup-bpf/evidence/s10/run1/s10-baseline-map.json
 D spikes/cgroup-bpf/evidence/s10/run1/s10-baseline-prog.json
 D spikes/cgroup-bpf/evidence/s10/run1/s10-cleanup.txt
 D spikes/cgroup-bpf/evidence/s10/run1/s10-final-bpffs.txt
 D spikes/cgroup-bpf/evidence/s10/run1/s10-final-host-nft.json
 D spikes/cgroup-bpf/evidence/s10/run1/s10-final-link.json
 D spikes/cgroup-bpf/evidence/s10/run1/s10-final-map.json
 D spikes/cgroup-bpf/evidence/s10/run1/s10-final-prog.json
 D spikes/cgroup-bpf/evidence/s10/run1/s10-foreign-allow-not-attached.json
 D spikes/cgroup-bpf/evidence/s10/run1/s10-foreign-rewrite.json
 D spikes/cgroup-bpf/evidence/s10/run1/s10-foreign-trace-map.json
 D spikes/cgroup-bpf/evidence/s10/run1/s10-fresh-ancestor-direct.json
 D spikes/cgroup-bpf/evidence/s10/run1/s10-fresh-cgroups.txt
 D spikes/cgroup-bpf/evidence/s10/run1/s10-fresh-child-direct.json
 D spikes/cgroup-bpf/evidence/s10/run1/s10-fresh-child-effective.json
 D spikes/cgroup-bpf/evidence/s10/run1/s10-nft-normal-before.json
 D spikes/cgroup-bpf/evidence/s10/run1/s10-nft-normal-before.txt
 D spikes/cgroup-bpf/evidence/s10/run1/s10-preflight.txt
 D spikes/cgroup-bpf/evidence/s10/run1/s10-run-exit-status.txt
 D spikes/cgroup-bpf/evidence/s10/run1/s10-topology.txt
 D spikes/cgroup-bpf/evidence/s10/run2/s10-baseline-bpffs.txt
 D spikes/cgroup-bpf/evidence/s10/run2/s10-baseline-host-nft.json
 D spikes/cgroup-bpf/evidence/s10/run2/s10-baseline-link.json
 D spikes/cgroup-bpf/evidence/s10/run2/s10-baseline-map.json
 D spikes/cgroup-bpf/evidence/s10/run2/s10-baseline-prog.json
 D spikes/cgroup-bpf/evidence/s10/run2/s10-case-a-counters.json
 D spikes/cgroup-bpf/evidence/s10/run2/s10-case-a-denies.json
 D spikes/cgroup-bpf/evidence/s10/run2/s10-case-a-diag.json
 D spikes/cgroup-bpf/evidence/s10/run2/s10-case-a-ports.json
 D spikes/cgroup-bpf/evidence/s10/run2/s10-case-b-counters.json
 D spikes/cgroup-bpf/evidence/s10/run2/s10-case-b-denies.json
 D spikes/cgroup-bpf/evidence/s10/run2/s10-case-b-diag.json
 D spikes/cgroup-bpf/evidence/s10/run2/s10-case-b-ports.json
 D spikes/cgroup-bpf/evidence/s10/run2/s10-cleanup.txt
 D spikes/cgroup-bpf/evidence/s10/run2/s10-control-ancestor-direct.json
 D spikes/cgroup-bpf/evidence/s10/run2/s10-control-bpffs.txt
 D spikes/cgroup-bpf/evidence/s10/run2/s10-control-child-direct.json
 D spikes/cgroup-bpf/evidence/s10/run2/s10-control-child-effective.json
 D spikes/cgroup-bpf/evidence/s10/run2/s10-control-link.json
 D spikes/cgroup-bpf/evidence/s10/run2/s10-control-map.json
 D spikes/cgroup-bpf/evidence/s10/run2/s10-control-prog.json
 D spikes/cgroup-bpf/evidence/s10/run2/s10-final-bpffs.txt
 D spikes/cgroup-bpf/evidence/s10/run2/s10-final-host-nft.json
 D spikes/cgroup-bpf/evidence/s10/run2/s10-final-link.json
 D spikes/cgroup-bpf/evidence/s10/run2/s10-final-map.json
 D spikes/cgroup-bpf/evidence/s10/run2/s10-final-prog.json
 D spikes/cgroup-bpf/evidence/s10/run2/s10-foreign-allow-not-attached.json
 D spikes/cgroup-bpf/evidence/s10/run2/s10-foreign-ancestor-after.json
 D spikes/cgroup-bpf/evidence/s10/run2/s10-foreign-ancestor-direct.json
 D spikes/cgroup-bpf/evidence/s10/run2/s10-foreign-rewrite-after.json
 D spikes/cgroup-bpf/evidence/s10/run2/s10-foreign-rewrite.json
 D spikes/cgroup-bpf/evidence/s10/run2/s10-foreign-rodata.txt
 D spikes/cgroup-bpf/evidence/s10/run2/s10-foreign-setup.txt
 D spikes/cgroup-bpf/evidence/s10/run2/s10-foreign-trace-map.json
 D spikes/cgroup-bpf/evidence/s10/run2/s10-foreign-trace.txt
 D spikes/cgroup-bpf/evidence/s10/run2/s10-fresh-ancestor-direct.json
 D spikes/cgroup-bpf/evidence/s10/run2/s10-fresh-cgroups.txt
 D spikes/cgroup-bpf/evidence/s10/run2/s10-fresh-child-direct.json
 D spikes/cgroup-bpf/evidence/s10/run2/s10-fresh-child-effective.json
 D spikes/cgroup-bpf/evidence/s10/run2/s10-harness-exit-status.txt
 D spikes/cgroup-bpf/evidence/s10/run2/s10-harness.txt
 D spikes/cgroup-bpf/evidence/s10/run2/s10-membership.txt
 D spikes/cgroup-bpf/evidence/s10/run2/s10-nft-after-normal-composition.json
 D spikes/cgroup-bpf/evidence/s10/run2/s10-nft-after-normal-composition.txt
 D spikes/cgroup-bpf/evidence/s10/run2/s10-nft-case-a.json
 D spikes/cgroup-bpf/evidence/s10/run2/s10-nft-case-a.txt
 D spikes/cgroup-bpf/evidence/s10/run2/s10-nft-case-b.json
 D spikes/cgroup-bpf/evidence/s10/run2/s10-nft-case-b.txt
 D spikes/cgroup-bpf/evidence/s10/run2/s10-nft-control-during.json
 D spikes/cgroup-bpf/evidence/s10/run2/s10-nft-control-during.txt
 D spikes/cgroup-bpf/evidence/s10/run2/s10-nft-exposure.txt
 D spikes/cgroup-bpf/evidence/s10/run2/s10-nft-normal-before-structure.json
 D spikes/cgroup-bpf/evidence/s10/run2/s10-nft-normal-before.json
 D spikes/cgroup-bpf/evidence/s10/run2/s10-nft-normal-before.txt
 D spikes/cgroup-bpf/evidence/s10/run2/s10-nft-normal-restored-structure.json
 D spikes/cgroup-bpf/evidence/s10/run2/s10-nft-normal-restored.json
 D spikes/cgroup-bpf/evidence/s10/run2/s10-nft-normal-restored.txt
 D spikes/cgroup-bpf/evidence/s10/run2/s10-nft-restoration.txt
 D spikes/cgroup-bpf/evidence/s10/run2/s10-normal-ancestor-direct.json
 D spikes/cgroup-bpf/evidence/s10/run2/s10-normal-child-direct.json
 D spikes/cgroup-bpf/evidence/s10/run2/s10-normal-child-effective.json
 D spikes/cgroup-bpf/evidence/s10/run2/s10-normal-link.json
 D spikes/cgroup-bpf/evidence/s10/run2/s10-normal-map.json
 D spikes/cgroup-bpf/evidence/s10/run2/s10-normal-nft-observation.txt
 D spikes/cgroup-bpf/evidence/s10/run2/s10-normal-prog.json
 D spikes/cgroup-bpf/evidence/s10/run2/s10-preflight.txt
 D spikes/cgroup-bpf/evidence/s10/run2/s10-provenance.txt
 D spikes/cgroup-bpf/evidence/s10/run2/s10-run-exit-status.txt
 D spikes/cgroup-bpf/evidence/s10/run2/s10-topology.txt
 D spikes/cgroup-bpf/evidence/s10/run3/s10-baseline-bpffs.txt
 D spikes/cgroup-bpf/evidence/s10/run3/s10-baseline-host-nft-structure.json
 D spikes/cgroup-bpf/evidence/s10/run3/s10-baseline-host-nft.json
 D spikes/cgroup-bpf/evidence/s10/run3/s10-baseline-link.json
 D spikes/cgroup-bpf/evidence/s10/run3/s10-baseline-map.json
 D spikes/cgroup-bpf/evidence/s10/run3/s10-baseline-prog.json
 D spikes/cgroup-bpf/evidence/s10/run3/s10-case-a-counters.json
 D spikes/cgroup-bpf/evidence/s10/run3/s10-case-a-denies.json
 D spikes/cgroup-bpf/evidence/s10/run3/s10-case-a-diag.json
 D spikes/cgroup-bpf/evidence/s10/run3/s10-case-a-ports.json
 D spikes/cgroup-bpf/evidence/s10/run3/s10-case-b-counters.json
 D spikes/cgroup-bpf/evidence/s10/run3/s10-case-b-denies.json
 D spikes/cgroup-bpf/evidence/s10/run3/s10-case-b-diag.json
 D spikes/cgroup-bpf/evidence/s10/run3/s10-case-b-ports.json
 D spikes/cgroup-bpf/evidence/s10/run3/s10-cleanup.txt
 D spikes/cgroup-bpf/evidence/s10/run3/s10-control-ancestor-direct.json
 D spikes/cgroup-bpf/evidence/s10/run3/s10-control-bpffs.txt
 D spikes/cgroup-bpf/evidence/s10/run3/s10-control-child-direct.json
 D spikes/cgroup-bpf/evidence/s10/run3/s10-control-child-effective.json
 D spikes/cgroup-bpf/evidence/s10/run3/s10-control-link.json
 D spikes/cgroup-bpf/evidence/s10/run3/s10-control-map.json
 D spikes/cgroup-bpf/evidence/s10/run3/s10-control-prog.json
 D spikes/cgroup-bpf/evidence/s10/run3/s10-final-bpffs.txt
 D spikes/cgroup-bpf/evidence/s10/run3/s10-final-host-nft-structure.json
 D spikes/cgroup-bpf/evidence/s10/run3/s10-final-host-nft.json
 D spikes/cgroup-bpf/evidence/s10/run3/s10-final-link.json
 D spikes/cgroup-bpf/evidence/s10/run3/s10-final-map.json
 D spikes/cgroup-bpf/evidence/s10/run3/s10-final-prog.json
 D spikes/cgroup-bpf/evidence/s10/run3/s10-foreign-allow-not-attached.json
 D spikes/cgroup-bpf/evidence/s10/run3/s10-foreign-ancestor-after.json
 D spikes/cgroup-bpf/evidence/s10/run3/s10-foreign-ancestor-direct.json
 D spikes/cgroup-bpf/evidence/s10/run3/s10-foreign-rewrite-after.json
 D spikes/cgroup-bpf/evidence/s10/run3/s10-foreign-rewrite.json
 D spikes/cgroup-bpf/evidence/s10/run3/s10-foreign-rodata.txt
 D spikes/cgroup-bpf/evidence/s10/run3/s10-foreign-setup.txt
 D spikes/cgroup-bpf/evidence/s10/run3/s10-foreign-trace-map.json
 D spikes/cgroup-bpf/evidence/s10/run3/s10-foreign-trace.txt
 D spikes/cgroup-bpf/evidence/s10/run3/s10-fresh-ancestor-direct.json
 D spikes/cgroup-bpf/evidence/s10/run3/s10-fresh-cgroups.txt
 D spikes/cgroup-bpf/evidence/s10/run3/s10-fresh-child-direct.json
 D spikes/cgroup-bpf/evidence/s10/run3/s10-fresh-child-effective.json
 D spikes/cgroup-bpf/evidence/s10/run3/s10-harness-exit-status.txt
 D spikes/cgroup-bpf/evidence/s10/run3/s10-harness.txt
 D spikes/cgroup-bpf/evidence/s10/run3/s10-independent-cleanup.txt
 D spikes/cgroup-bpf/evidence/s10/run3/s10-membership.txt
 D spikes/cgroup-bpf/evidence/s10/run3/s10-nft-after-normal-composition.json
 D spikes/cgroup-bpf/evidence/s10/run3/s10-nft-after-normal-composition.txt
 D spikes/cgroup-bpf/evidence/s10/run3/s10-nft-case-a.json
 D spikes/cgroup-bpf/evidence/s10/run3/s10-nft-case-a.txt
 D spikes/cgroup-bpf/evidence/s10/run3/s10-nft-case-b.json
 D spikes/cgroup-bpf/evidence/s10/run3/s10-nft-case-b.txt
 D spikes/cgroup-bpf/evidence/s10/run3/s10-nft-control-during.json
 D spikes/cgroup-bpf/evidence/s10/run3/s10-nft-control-during.txt
 D spikes/cgroup-bpf/evidence/s10/run3/s10-nft-exposure.txt
 D spikes/cgroup-bpf/evidence/s10/run3/s10-nft-normal-before-structure.json
 D spikes/cgroup-bpf/evidence/s10/run3/s10-nft-normal-before.json
 D spikes/cgroup-bpf/evidence/s10/run3/s10-nft-normal-before.txt
 D spikes/cgroup-bpf/evidence/s10/run3/s10-nft-normal-restored-structure.json
 D spikes/cgroup-bpf/evidence/s10/run3/s10-nft-normal-restored.json
 D spikes/cgroup-bpf/evidence/s10/run3/s10-nft-normal-restored.txt
 D spikes/cgroup-bpf/evidence/s10/run3/s10-nft-restoration.txt
 D spikes/cgroup-bpf/evidence/s10/run3/s10-normal-ancestor-direct.json
 D spikes/cgroup-bpf/evidence/s10/run3/s10-normal-child-direct.json
 D spikes/cgroup-bpf/evidence/s10/run3/s10-normal-child-effective.json
 D spikes/cgroup-bpf/evidence/s10/run3/s10-normal-link.json
 D spikes/cgroup-bpf/evidence/s10/run3/s10-normal-map.json
 D spikes/cgroup-bpf/evidence/s10/run3/s10-normal-nft-observation.txt
 D spikes/cgroup-bpf/evidence/s10/run3/s10-normal-prog.json
 D spikes/cgroup-bpf/evidence/s10/run3/s10-preflight.txt
 D spikes/cgroup-bpf/evidence/s10/run3/s10-provenance.txt
 D spikes/cgroup-bpf/evidence/s10/run3/s10-run-exit-status.txt
 D spikes/cgroup-bpf/evidence/s10/run3/s10-summary.txt
 D spikes/cgroup-bpf/evidence/s10/run3/s10-topology.txt
 D spikes/cgroup-bpf/evidence/s11/run1/lifecycle/s1-before-connection-cookie.json
 D spikes/cgroup-bpf/evidence/s11/run1/lifecycle/s1-before-connection-counters.json
 D spikes/cgroup-bpf/evidence/s11/run1/lifecycle/s1-before-connection-denies.json
 D spikes/cgroup-bpf/evidence/s11/run1/lifecycle/s1-before-connection-diag.json
 D spikes/cgroup-bpf/evidence/s11/run1/lifecycle/s1-before-connection-effective.json
 D spikes/cgroup-bpf/evidence/s11/run1/lifecycle/s1-before-connection-link.json
 D spikes/cgroup-bpf/evidence/s11/run1/lifecycle/s1-before-connection-map.json
 D spikes/cgroup-bpf/evidence/s11/run1/lifecycle/s1-before-connection-port-diag.json
 D spikes/cgroup-bpf/evidence/s11/run1/lifecycle/s1-before-connection-prog.json
 D spikes/cgroup-bpf/evidence/s11/run1/lifecycle/s1-before-connection-tuples.json
 D spikes/cgroup-bpf/evidence/s11/run1/lifecycle/s1-cleanup.txt
 D spikes/cgroup-bpf/evidence/s11/run1/lifecycle/s1-during-cgroup-direct.json
 D spikes/cgroup-bpf/evidence/s11/run1/lifecycle/s1-during-cgroup-effective.json
 D spikes/cgroup-bpf/evidence/s11/run1/lifecycle/s1-during-link.json
 D spikes/cgroup-bpf/evidence/s11/run1/lifecycle/s1-during-map.json
 D spikes/cgroup-bpf/evidence/s11/run1/lifecycle/s1-during-prog.json
 D spikes/cgroup-bpf/evidence/s11/run1/lifecycle/s1-during-state.txt
 D spikes/cgroup-bpf/evidence/s11/run1/lifecycle/s1-final-link.json
 D spikes/cgroup-bpf/evidence/s11/run1/lifecycle/s1-final-prog.json
 D spikes/cgroup-bpf/evidence/s11/run1/lifecycle/s1-harness.txt
 D spikes/cgroup-bpf/evidence/s11/run1/lifecycle/s1-host-placement.txt
 D spikes/cgroup-bpf/evidence/s11/run1/lifecycle/s1-membership.txt
 D spikes/cgroup-bpf/evidence/s11/run1/lifecycle/s1-port-contract.txt
 D spikes/cgroup-bpf/evidence/s11/run1/lifecycle/s1-preflight.txt
 D spikes/cgroup-bpf/evidence/s11/run1/lifecycle/s1-provenance.txt
 D spikes/cgroup-bpf/evidence/s11/run1/lifecycle/s1-run-exit-status.txt
 D spikes/cgroup-bpf/evidence/s11/run1/lifecycle/s1-topology.txt
 D spikes/cgroup-bpf/evidence/s11/run1/s11-after-bpf-link-normalized.json
 D spikes/cgroup-bpf/evidence/s11/run1/s11-after-bpf-link.json
 D spikes/cgroup-bpf/evidence/s11/run1/s11-after-bpf-map-normalized.json
 D spikes/cgroup-bpf/evidence/s11/run1/s11-after-bpf-map.json
 D spikes/cgroup-bpf/evidence/s11/run1/s11-after-bpf-prog-normalized.json
 D spikes/cgroup-bpf/evidence/s11/run1/s11-after-bpf-prog.json
 D spikes/cgroup-bpf/evidence/s11/run1/s11-after-bpffs.txt
 D spikes/cgroup-bpf/evidence/s11/run1/s11-after-cgroups.txt
 D spikes/cgroup-bpf/evidence/s11/run1/s11-after-links-normalized.json
 D spikes/cgroup-bpf/evidence/s11/run1/s11-after-links.json
 D spikes/cgroup-bpf/evidence/s11/run1/s11-after-netns.txt
 D spikes/cgroup-bpf/evidence/s11/run1/s11-after-nft-structure.json
 D spikes/cgroup-bpf/evidence/s11/run1/s11-after-nft.json
 D spikes/cgroup-bpf/evidence/s11/run1/s11-after-nft.txt
 D spikes/cgroup-bpf/evidence/s11/run1/s11-after-owned-state.txt
 D spikes/cgroup-bpf/evidence/s11/run1/s11-after-processes.txt
 D spikes/cgroup-bpf/evidence/s11/run1/s11-after-runtime.txt
 D spikes/cgroup-bpf/evidence/s11/run1/s11-baseline-bpf-link-normalized.json
 D spikes/cgroup-bpf/evidence/s11/run1/s11-baseline-bpf-link.json
 D spikes/cgroup-bpf/evidence/s11/run1/s11-baseline-bpf-map-normalized.json
 D spikes/cgroup-bpf/evidence/s11/run1/s11-baseline-bpf-map.json
 D spikes/cgroup-bpf/evidence/s11/run1/s11-baseline-bpf-prog-normalized.json
 D spikes/cgroup-bpf/evidence/s11/run1/s11-baseline-bpf-prog.json
 D spikes/cgroup-bpf/evidence/s11/run1/s11-baseline-bpffs.txt
 D spikes/cgroup-bpf/evidence/s11/run1/s11-baseline-cgroups.txt
 D spikes/cgroup-bpf/evidence/s11/run1/s11-baseline-links-normalized.json
 D spikes/cgroup-bpf/evidence/s11/run1/s11-baseline-links.json
 D spikes/cgroup-bpf/evidence/s11/run1/s11-baseline-netns.txt
 D spikes/cgroup-bpf/evidence/s11/run1/s11-baseline-nft-structure.json
 D spikes/cgroup-bpf/evidence/s11/run1/s11-baseline-nft.json
 D spikes/cgroup-bpf/evidence/s11/run1/s11-baseline-nft.txt
 D spikes/cgroup-bpf/evidence/s11/run1/s11-baseline-owned-state.txt
 D spikes/cgroup-bpf/evidence/s11/run1/s11-baseline-processes.txt
 D spikes/cgroup-bpf/evidence/s11/run1/s11-baseline-runtime.txt
 D spikes/cgroup-bpf/evidence/s11/run1/s11-external-churn.txt
 D spikes/cgroup-bpf/evidence/s11/run1/s11-independent-final-validation-attempt1-self-match.txt
 D spikes/cgroup-bpf/evidence/s11/run1/s11-independent-final-validation.txt
 D spikes/cgroup-bpf/evidence/s11/run1/s11-live-bpf-link.json
 D spikes/cgroup-bpf/evidence/s11/run1/s11-live-bpf-map.json
 D spikes/cgroup-bpf/evidence/s11/run1/s11-live-bpf-prog.json
 D spikes/cgroup-bpf/evidence/s11/run1/s11-live-bpffs.txt
 D spikes/cgroup-bpf/evidence/s11/run1/s11-live-cgroup-direct.json
 D spikes/cgroup-bpf/evidence/s11/run1/s11-live-cgroup-effective.json
 D spikes/cgroup-bpf/evidence/s11/run1/s11-live-cgroups.txt
 D spikes/cgroup-bpf/evidence/s11/run1/s11-live-links.json
 D spikes/cgroup-bpf/evidence/s11/run1/s11-live-netns-links.json
 D spikes/cgroup-bpf/evidence/s11/run1/s11-live-netns-nft.json
 D spikes/cgroup-bpf/evidence/s11/run1/s11-live-netns-routes.json
 D spikes/cgroup-bpf/evidence/s11/run1/s11-live-netns.txt
 D spikes/cgroup-bpf/evidence/s11/run1/s11-live-nft.json
 D spikes/cgroup-bpf/evidence/s11/run1/s11-live-nft.txt
 D spikes/cgroup-bpf/evidence/s11/run1/s11-live-owned-state.txt
 D spikes/cgroup-bpf/evidence/s11/run1/s11-live-processes.txt
 D spikes/cgroup-bpf/evidence/s11/run1/s11-live-proof.txt
 D spikes/cgroup-bpf/evidence/s11/run1/s11-live-runtime.txt
 D spikes/cgroup-bpf/evidence/s11/run1/s11-live-soglia_cookie_a.json
 D spikes/cgroup-bpf/evidence/s11/run1/s11-live-soglia_cookie_a.stderr
 D spikes/cgroup-bpf/evidence/s11/run1/s11-live-soglia_counters.json
 D spikes/cgroup-bpf/evidence/s11/run1/s11-live-soglia_counters.stderr
 D spikes/cgroup-bpf/evidence/s11/run1/s11-live-soglia_denies.json
 D spikes/cgroup-bpf/evidence/s11/run1/s11-live-soglia_denies.stderr
 D spikes/cgroup-bpf/evidence/s11/run1/s11-live-soglia_diag_entries.json
 D spikes/cgroup-bpf/evidence/s11/run1/s11-live-soglia_diag_entries.stderr
 D spikes/cgroup-bpf/evidence/s11/run1/s11-live-soglia_meta.json
 D spikes/cgroup-bpf/evidence/s11/run1/s11-live-soglia_meta.stderr
 D spikes/cgroup-bpf/evidence/s11/run1/s11-live-soglia_policy.json
 D spikes/cgroup-bpf/evidence/s11/run1/s11-live-soglia_policy.stderr
 D spikes/cgroup-bpf/evidence/s11/run1/s11-live-soglia_port_diag.json
 D spikes/cgroup-bpf/evidence/s11/run1/s11-live-soglia_port_diag.stderr
 D spikes/cgroup-bpf/evidence/s11/run1/s11-live-soglia_sk_b.json
 D spikes/cgroup-bpf/evidence/s11/run1/s11-live-soglia_sk_b.stderr
 D spikes/cgroup-bpf/evidence/s11/run1/s11-live-soglia_tuples.json
 D spikes/cgroup-bpf/evidence/s11/run1/s11-live-soglia_tuples.stderr
 D spikes/cgroup-bpf/evidence/s11/run1/s11-runner-exit-status.txt
 D spikes/cgroup-bpf/evidence/s11/run1/s11-runner.txt
 D spikes/cgroup-bpf/evidence/s11/run1/s11-summary.txt
 D spikes/cgroup-bpf/evidence/s11/run1/s11-teardown-order.txt
 D spikes/cgroup-bpf/evidence/s12/run1/s12-attached-bpffs.txt
 D spikes/cgroup-bpf/evidence/s12/run1/s12-attached-cgroup-direct.json
 D spikes/cgroup-bpf/evidence/s12/run1/s12-attached-cgroup-effective.json
 D spikes/cgroup-bpf/evidence/s12/run1/s12-attached-link.json
 D spikes/cgroup-bpf/evidence/s12/run1/s12-attached-map.json
 D spikes/cgroup-bpf/evidence/s12/run1/s12-attached-prog.json
 D spikes/cgroup-bpf/evidence/s12/run1/s12-baseline-bpffs.txt
 D spikes/cgroup-bpf/evidence/s12/run1/s12-baseline-comparison.txt
 D spikes/cgroup-bpf/evidence/s12/run1/s12-baseline-link.json
 D spikes/cgroup-bpf/evidence/s12/run1/s12-baseline-map.json
 D spikes/cgroup-bpf/evidence/s12/run1/s12-baseline-prog.json
 D spikes/cgroup-bpf/evidence/s12/run1/s12-cleanup.txt
 D spikes/cgroup-bpf/evidence/s12/run1/s12-final-bpffs.txt
 D spikes/cgroup-bpf/evidence/s12/run1/s12-final-link.json
 D spikes/cgroup-bpf/evidence/s12/run1/s12-final-map.json
 D spikes/cgroup-bpf/evidence/s12/run1/s12-final-prog.json
 D spikes/cgroup-bpf/evidence/s12/run1/s12-harness-exit-status.txt
 D spikes/cgroup-bpf/evidence/s12/run1/s12-harness.txt
 D spikes/cgroup-bpf/evidence/s12/run1/s12-independent-final-validation.txt
 D spikes/cgroup-bpf/evidence/s12/run1/s12-loaded-map-contract.txt
 D spikes/cgroup-bpf/evidence/s12/run1/s12-map-characterization.txt
 D spikes/cgroup-bpf/evidence/s12/run1/s12-membership.txt
 D spikes/cgroup-bpf/evidence/s12/run1/s12-overflow-cgroup-direct.json
 D spikes/cgroup-bpf/evidence/s12/run1/s12-overflow-cgroup-effective.json
 D spikes/cgroup-bpf/evidence/s12/run1/s12-overflow-link.json
 D spikes/cgroup-bpf/evidence/s12/run1/s12-overflow-map.json
 D spikes/cgroup-bpf/evidence/s12/run1/s12-overflow-prog.json
 D spikes/cgroup-bpf/evidence/s12/run1/s12-overflow-soglia_cookie_a.json
 D spikes/cgroup-bpf/evidence/s12/run1/s12-overflow-soglia_cookie_a.stderr
 D spikes/cgroup-bpf/evidence/s12/run1/s12-overflow-soglia_counters.json
 D spikes/cgroup-bpf/evidence/s12/run1/s12-overflow-soglia_counters.stderr
 D spikes/cgroup-bpf/evidence/s12/run1/s12-overflow-soglia_denies.json
 D spikes/cgroup-bpf/evidence/s12/run1/s12-overflow-soglia_denies.stderr
 D spikes/cgroup-bpf/evidence/s12/run1/s12-overflow-soglia_diag_entries.json
 D spikes/cgroup-bpf/evidence/s12/run1/s12-overflow-soglia_diag_entries.stderr
 D spikes/cgroup-bpf/evidence/s12/run1/s12-overflow-soglia_map_fail_diag.json
 D spikes/cgroup-bpf/evidence/s12/run1/s12-overflow-soglia_map_fail_diag.stderr
 D spikes/cgroup-bpf/evidence/s12/run1/s12-overflow-soglia_sk_b.json
 D spikes/cgroup-bpf/evidence/s12/run1/s12-overflow-soglia_sk_b.stderr
 D spikes/cgroup-bpf/evidence/s12/run1/s12-overflow-soglia_tuples.json
 D spikes/cgroup-bpf/evidence/s12/run1/s12-overflow-soglia_tuples.stderr
 D spikes/cgroup-bpf/evidence/s12/run1/s12-overflow-state.txt
 D spikes/cgroup-bpf/evidence/s12/run1/s12-preflight.txt
 D spikes/cgroup-bpf/evidence/s12/run1/s12-provenance.txt
 D spikes/cgroup-bpf/evidence/s12/run1/s12-run-exit-status.txt
 D spikes/cgroup-bpf/evidence/s12/run1/s12-summary.txt
 D spikes/cgroup-bpf/evidence/s12/run1/s12-topology.txt
 D spikes/cgroup-bpf/evidence/s13/run1/baseline/s13-baseline-bpffs.txt
 D spikes/cgroup-bpf/evidence/s13/run1/baseline/s13-baseline-link.json
 D spikes/cgroup-bpf/evidence/s13/run1/baseline/s13-baseline-map.json
 D spikes/cgroup-bpf/evidence/s13/run1/baseline/s13-baseline-prog.json
 D spikes/cgroup-bpf/evidence/s13/run1/baseline/s13-baseline-state.txt
 D spikes/cgroup-bpf/evidence/s13/run1/case-a-compatible/after-loader-loss-bpffs.txt
 D spikes/cgroup-bpf/evidence/s13/run1/case-a-compatible/after-loader-loss-link.json
 D spikes/cgroup-bpf/evidence/s13/run1/case-a-compatible/after-loader-loss-map.json
 D spikes/cgroup-bpf/evidence/s13/run1/case-a-compatible/after-loader-loss-prog.json
 D spikes/cgroup-bpf/evidence/s13/run1/case-a-compatible/before-loader-loss-bpffs.txt
 D spikes/cgroup-bpf/evidence/s13/run1/case-a-compatible/before-loader-loss-link.json
 D spikes/cgroup-bpf/evidence/s13/run1/case-a-compatible/before-loader-loss-map.json
 D spikes/cgroup-bpf/evidence/s13/run1/case-a-compatible/before-loader-loss-prog.json
 D spikes/cgroup-bpf/evidence/s13/run1/case-a-compatible/compatibility-decision.txt
 D spikes/cgroup-bpf/evidence/s13/run1/case-a-compatible/cookie-before-loss.json
 D spikes/cgroup-bpf/evidence/s13/run1/case-a-compatible/meta-after-loss.json
 D spikes/cgroup-bpf/evidence/s13/run1/case-a-compatible/meta-before-loss.json
 D spikes/cgroup-bpf/evidence/s13/run1/case-a-compatible/pinned-link-identities-before-loss.json
 D spikes/cgroup-bpf/evidence/s13/run1/case-a-compatible/pinned-link-names-before-loss.txt
 D spikes/cgroup-bpf/evidence/s13/run1/case-a-compatible/pinned-map-identities-before-loss.jsonl
 D spikes/cgroup-bpf/evidence/s13/run1/case-a-compatible/policy-before-loss.json
 D spikes/cgroup-bpf/evidence/s13/run1/case-a-compatible/pre-bpffs.txt
 D spikes/cgroup-bpf/evidence/s13/run1/case-a-compatible/prior-loader-exit.txt
 D spikes/cgroup-bpf/evidence/s13/run1/case-a-compatible/prior-loader.log
 D spikes/cgroup-bpf/evidence/s13/run1/case-a-compatible/tuple-before-loss.json
 D spikes/cgroup-bpf/evidence/s13/run1/case-b-incompatible/post-bpffs.txt
 D spikes/cgroup-bpf/evidence/s13/run1/case-b-incompatible/post-link.json
 D spikes/cgroup-bpf/evidence/s13/run1/case-b-incompatible/post-map.json
 D spikes/cgroup-bpf/evidence/s13/run1/case-b-incompatible/post-prog.json
 D spikes/cgroup-bpf/evidence/s13/run1/case-b-incompatible/pre-bpffs.txt
 D spikes/cgroup-bpf/evidence/s13/run1/case-b-incompatible/pre-link.json
 D spikes/cgroup-bpf/evidence/s13/run1/case-b-incompatible/pre-map.json
 D spikes/cgroup-bpf/evidence/s13/run1/case-b-incompatible/pre-prog.json
 D spikes/cgroup-bpf/evidence/s13/run1/case-b-incompatible/result.txt
 D spikes/cgroup-bpf/evidence/s13/run1/case-c-unknown/foreign-after.json
 D spikes/cgroup-bpf/evidence/s13/run1/case-c-unknown/foreign-before.json
 D spikes/cgroup-bpf/evidence/s13/run1/case-c-unknown/foreign-content-after.json
 D spikes/cgroup-bpf/evidence/s13/run1/case-c-unknown/foreign-content-before.json
 D spikes/cgroup-bpf/evidence/s13/run1/case-c-unknown/loader-exit.txt
 D spikes/cgroup-bpf/evidence/s13/run1/case-c-unknown/post-ready-bpffs.txt
 D spikes/cgroup-bpf/evidence/s13/run1/case-c-unknown/post-ready-link.json
 D spikes/cgroup-bpf/evidence/s13/run1/case-c-unknown/post-ready-map.json
 D spikes/cgroup-bpf/evidence/s13/run1/case-c-unknown/post-ready-prog.json
 D spikes/cgroup-bpf/evidence/s13/run1/case-c-unknown/pre-startup-bpffs.txt
 D spikes/cgroup-bpf/evidence/s13/run1/case-c-unknown/pre-startup-link.json
 D spikes/cgroup-bpf/evidence/s13/run1/case-c-unknown/pre-startup-map.json
 D spikes/cgroup-bpf/evidence/s13/run1/case-c-unknown/pre-startup-prog.json
 D spikes/cgroup-bpf/evidence/s13/run1/case-c-unknown/result.txt
 D spikes/cgroup-bpf/evidence/s13/run1/case-c-unknown/startup.log
 D spikes/cgroup-bpf/evidence/s13/run1/case-d-stale-reuse/after-ready-bpffs.txt
 D spikes/cgroup-bpf/evidence/s13/run1/case-d-stale-reuse/after-ready-link.json
 D spikes/cgroup-bpf/evidence/s13/run1/case-d-stale-reuse/after-ready-map.json
 D spikes/cgroup-bpf/evidence/s13/run1/case-d-stale-reuse/after-ready-prog.json
 D spikes/cgroup-bpf/evidence/s13/run1/case-d-stale-reuse/cookie-after-ready.json
 D spikes/cgroup-bpf/evidence/s13/run1/case-d-stale-reuse/map-identities-after-ready.jsonl
 D spikes/cgroup-bpf/evidence/s13/run1/case-d-stale-reuse/map-identities-before-restart.jsonl
 D spikes/cgroup-bpf/evidence/s13/run1/case-d-stale-reuse/meta-after-ready.json
 D spikes/cgroup-bpf/evidence/s13/run1/case-d-stale-reuse/policy-after-ready.json
 D spikes/cgroup-bpf/evidence/s13/run1/case-d-stale-reuse/pre-restart-bpffs.txt
 D spikes/cgroup-bpf/evidence/s13/run1/case-d-stale-reuse/restart-loader-exit.txt
 D spikes/cgroup-bpf/evidence/s13/run1/case-d-stale-reuse/restart-loader.log
 D spikes/cgroup-bpf/evidence/s13/run1/case-d-stale-reuse/result.txt
 D spikes/cgroup-bpf/evidence/s13/run1/case-d-stale-reuse/tuple-after-ready.json
 D spikes/cgroup-bpf/evidence/s13/run1/contract/current-contract.txt
 D spikes/cgroup-bpf/evidence/s13/run1/contract/metadata-sufficiency.txt
 D spikes/cgroup-bpf/evidence/s13/run1/contract/no-name-based-deletion-audit.txt
 D spikes/cgroup-bpf/evidence/s13/run1/final/foreign-cleanup.txt
 D spikes/cgroup-bpf/evidence/s13/run1/final/s13-baseline-comparison.txt
 D spikes/cgroup-bpf/evidence/s13/run1/final/s13-cleanup.txt
 D spikes/cgroup-bpf/evidence/s13/run1/final/s13-final-bpffs.txt
 D spikes/cgroup-bpf/evidence/s13/run1/final/s13-final-link.json
 D spikes/cgroup-bpf/evidence/s13/run1/final/s13-final-map.json
 D spikes/cgroup-bpf/evidence/s13/run1/final/s13-final-prog.json
 D spikes/cgroup-bpf/evidence/s13/run1/final/s13-independent-final-validation.txt
 D spikes/cgroup-bpf/evidence/s13/run1/final/s13-run-exit-status.txt
 D spikes/cgroup-bpf/evidence/s13/run1/s13-result.txt
 D spikes/cgroup-bpf/evidence/s13/run2/baseline/cgroup-inodes.txt
 D spikes/cgroup-bpf/evidence/s13/run2/baseline/s13-v2-baseline-bpffs.txt
 D spikes/cgroup-bpf/evidence/s13/run2/baseline/s13-v2-baseline-link.json
 D spikes/cgroup-bpf/evidence/s13/run2/baseline/s13-v2-baseline-map.json
 D spikes/cgroup-bpf/evidence/s13/run2/baseline/s13-v2-baseline-prog.json
 D spikes/cgroup-bpf/evidence/s13/run2/baseline/state.txt
 D spikes/cgroup-bpf/evidence/s13/run2/case-a-compatible/cleanup.log
 D spikes/cgroup-bpf/evidence/s13/run2/case-a-compatible/new-cookie.json
 D spikes/cgroup-bpf/evidence/s13/run2/case-a-compatible/new-map-ids.json
 D spikes/cgroup-bpf/evidence/s13/run2/case-a-compatible/new-meta.json
 D spikes/cgroup-bpf/evidence/s13/run2/case-a-compatible/new-policy.json
 D spikes/cgroup-bpf/evidence/s13/run2/case-a-compatible/new-record.json
 D spikes/cgroup-bpf/evidence/s13/run2/case-a-compatible/new-state-bpffs.txt
 D spikes/cgroup-bpf/evidence/s13/run2/case-a-compatible/new-state-link.json
 D spikes/cgroup-bpf/evidence/s13/run2/case-a-compatible/new-state-map.json
 D spikes/cgroup-bpf/evidence/s13/run2/case-a-compatible/new-state-prog.json
 D spikes/cgroup-bpf/evidence/s13/run2/case-a-compatible/new-tuple.json
 D spikes/cgroup-bpf/evidence/s13/run2/case-a-compatible/old-cookie.json
 D spikes/cgroup-bpf/evidence/s13/run2/case-a-compatible/old-map-ids.json
 D spikes/cgroup-bpf/evidence/s13/run2/case-a-compatible/old-meta.json
 D spikes/cgroup-bpf/evidence/s13/run2/case-a-compatible/old-policy.json
 D spikes/cgroup-bpf/evidence/s13/run2/case-a-compatible/old-record.json
 D spikes/cgroup-bpf/evidence/s13/run2/case-a-compatible/old-startup.log
 D spikes/cgroup-bpf/evidence/s13/run2/case-a-compatible/old-state-bpffs.txt
 D spikes/cgroup-bpf/evidence/s13/run2/case-a-compatible/old-state-link.json
 D spikes/cgroup-bpf/evidence/s13/run2/case-a-compatible/old-state-map.json
 D spikes/cgroup-bpf/evidence/s13/run2/case-a-compatible/old-state-prog.json
 D spikes/cgroup-bpf/evidence/s13/run2/case-a-compatible/old-tuple.json
 D spikes/cgroup-bpf/evidence/s13/run2/case-a-compatible/recovery-order.txt
 D spikes/cgroup-bpf/evidence/s13/run2/case-a-compatible/recovery-startup.log
 D spikes/cgroup-bpf/evidence/s13/run2/case-a-compatible/result.txt
 D spikes/cgroup-bpf/evidence/s13/run2/case-b-incompatible/after-refusal-bpffs.txt
 D spikes/cgroup-bpf/evidence/s13/run2/case-b-incompatible/after-refusal-link.json
 D spikes/cgroup-bpf/evidence/s13/run2/case-b-incompatible/after-refusal-map.json
 D spikes/cgroup-bpf/evidence/s13/run2/case-b-incompatible/after-refusal-prog.json
 D spikes/cgroup-bpf/evidence/s13/run2/case-b-incompatible/compatible-record-before-mutation.json
 D spikes/cgroup-bpf/evidence/s13/run2/case-b-incompatible/incompatible-record.json
 D spikes/cgroup-bpf/evidence/s13/run2/case-b-incompatible/old-startup.log
 D spikes/cgroup-bpf/evidence/s13/run2/case-b-incompatible/result.txt
 D spikes/cgroup-bpf/evidence/s13/run2/case-b-incompatible/stale-tuple-after-refusal.json
 D spikes/cgroup-bpf/evidence/s13/run2/case-b-incompatible/startup-attempt.log
 D spikes/cgroup-bpf/evidence/s13/run2/case-b-incompatible/startup-exit-status.txt
 D spikes/cgroup-bpf/evidence/s13/run2/case-b-incompatible/test-harness-cleanup.log
 D spikes/cgroup-bpf/evidence/s13/run2/case-c-unknown/after-attempt-bpffs.txt
 D spikes/cgroup-bpf/evidence/s13/run2/case-c-unknown/after-attempt-link.json
 D spikes/cgroup-bpf/evidence/s13/run2/case-c-unknown/after-attempt-map.json
 D spikes/cgroup-bpf/evidence/s13/run2/case-c-unknown/after-attempt-prog.json
 D spikes/cgroup-bpf/evidence/s13/run2/case-c-unknown/before-attempt-bpffs.txt
 D spikes/cgroup-bpf/evidence/s13/run2/case-c-unknown/before-attempt-link.json
 D spikes/cgroup-bpf/evidence/s13/run2/case-c-unknown/before-attempt-map.json
 D spikes/cgroup-bpf/evidence/s13/run2/case-c-unknown/before-attempt-prog.json
 D spikes/cgroup-bpf/evidence/s13/run2/case-c-unknown/foreign-after.json
 D spikes/cgroup-bpf/evidence/s13/run2/case-c-unknown/foreign-before.json
 D spikes/cgroup-bpf/evidence/s13/run2/case-c-unknown/foreign-content-after.json
 D spikes/cgroup-bpf/evidence/s13/run2/case-c-unknown/foreign-content-before.json
 D spikes/cgroup-bpf/evidence/s13/run2/case-c-unknown/result.txt
 D spikes/cgroup-bpf/evidence/s13/run2/case-c-unknown/startup-attempt.log
 D spikes/cgroup-bpf/evidence/s13/run2/case-c-unknown/startup-exit-status.txt
 D spikes/cgroup-bpf/evidence/s13/run2/case-d-generation/old-tuple-lookup-status.txt
 D spikes/cgroup-bpf/evidence/s13/run2/case-d-generation/old-tuple-lookup.txt
 D spikes/cgroup-bpf/evidence/s13/run2/case-d-generation/result.txt
 D spikes/cgroup-bpf/evidence/s13/run2/contract/S13-CONTRACT.md
 D spikes/cgroup-bpf/evidence/s13/run2/contract/provenance.txt
 D spikes/cgroup-bpf/evidence/s13/run2/contract/summary.txt
 D spikes/cgroup-bpf/evidence/s13/run2/contract/trust-anchor-runtime.txt
 D spikes/cgroup-bpf/evidence/s13/run2/crash-ordering/intent/after-crash-bpffs.txt
 D spikes/cgroup-bpf/evidence/s13/run2/crash-ordering/intent/after-crash-link.json
 D spikes/cgroup-bpf/evidence/s13/run2/crash-ordering/intent/after-crash-map.json
 D spikes/cgroup-bpf/evidence/s13/run2/crash-ordering/intent/after-crash-prog.json
 D spikes/cgroup-bpf/evidence/s13/run2/crash-ordering/intent/cleanup.log
 D spikes/cgroup-bpf/evidence/s13/run2/crash-ordering/intent/fault-exit-status.txt
 D spikes/cgroup-bpf/evidence/s13/run2/crash-ordering/intent/fault.log
 D spikes/cgroup-bpf/evidence/s13/run2/crash-ordering/intent/record-after-crash.json
 D spikes/cgroup-bpf/evidence/s13/run2/crash-ordering/intent/record-after-recovery.json
 D spikes/cgroup-bpf/evidence/s13/run2/crash-ordering/intent/recovery-order.txt
 D spikes/cgroup-bpf/evidence/s13/run2/crash-ordering/intent/recovery.log
 D spikes/cgroup-bpf/evidence/s13/run2/crash-ordering/pins/after-crash-bpffs.txt
 D spikes/cgroup-bpf/evidence/s13/run2/crash-ordering/pins/after-crash-link.json
 D spikes/cgroup-bpf/evidence/s13/run2/crash-ordering/pins/after-crash-map.json
 D spikes/cgroup-bpf/evidence/s13/run2/crash-ordering/pins/after-crash-prog.json
 D spikes/cgroup-bpf/evidence/s13/run2/crash-ordering/pins/cleanup.log
 D spikes/cgroup-bpf/evidence/s13/run2/crash-ordering/pins/fault-exit-status.txt
 D spikes/cgroup-bpf/evidence/s13/run2/crash-ordering/pins/fault.log
 D spikes/cgroup-bpf/evidence/s13/run2/crash-ordering/pins/record-after-crash.json
 D spikes/cgroup-bpf/evidence/s13/run2/crash-ordering/pins/record-after-recovery.json
 D spikes/cgroup-bpf/evidence/s13/run2/crash-ordering/pins/recovery-order.txt
 D spikes/cgroup-bpf/evidence/s13/run2/crash-ordering/pins/recovery.log
 D spikes/cgroup-bpf/evidence/s13/run2/crash-ordering/ready_record/after-crash-bpffs.txt
 D spikes/cgroup-bpf/evidence/s13/run2/crash-ordering/ready_record/after-crash-link.json
 D spikes/cgroup-bpf/evidence/s13/run2/crash-ordering/ready_record/after-crash-map.json
 D spikes/cgroup-bpf/evidence/s13/run2/crash-ordering/ready_record/after-crash-prog.json
 D spikes/cgroup-bpf/evidence/s13/run2/crash-ordering/ready_record/cleanup.log
 D spikes/cgroup-bpf/evidence/s13/run2/crash-ordering/ready_record/fault-exit-status.txt
 D spikes/cgroup-bpf/evidence/s13/run2/crash-ordering/ready_record/fault.log
 D spikes/cgroup-bpf/evidence/s13/run2/crash-ordering/ready_record/record-after-crash.json
 D spikes/cgroup-bpf/evidence/s13/run2/crash-ordering/ready_record/record-after-recovery.json
 D spikes/cgroup-bpf/evidence/s13/run2/crash-ordering/ready_record/recovery-order.txt
 D spikes/cgroup-bpf/evidence/s13/run2/crash-ordering/ready_record/recovery.log
 D spikes/cgroup-bpf/evidence/s13/run2/crash-ordering/validated/after-crash-bpffs.txt
 D spikes/cgroup-bpf/evidence/s13/run2/crash-ordering/validated/after-crash-link.json
 D spikes/cgroup-bpf/evidence/s13/run2/crash-ordering/validated/after-crash-map.json
 D spikes/cgroup-bpf/evidence/s13/run2/crash-ordering/validated/after-crash-prog.json
 D spikes/cgroup-bpf/evidence/s13/run2/crash-ordering/validated/cleanup.log
 D spikes/cgroup-bpf/evidence/s13/run2/crash-ordering/validated/fault-exit-status.txt
 D spikes/cgroup-bpf/evidence/s13/run2/crash-ordering/validated/fault.log
 D spikes/cgroup-bpf/evidence/s13/run2/crash-ordering/validated/record-after-crash.json
 D spikes/cgroup-bpf/evidence/s13/run2/crash-ordering/validated/record-after-recovery.json
 D spikes/cgroup-bpf/evidence/s13/run2/crash-ordering/validated/recovery-order.txt
 D spikes/cgroup-bpf/evidence/s13/run2/crash-ordering/validated/recovery.log
 D spikes/cgroup-bpf/evidence/s13/run2/final/s13-v2-baseline-comparison.txt
 D spikes/cgroup-bpf/evidence/s13/run2/final/s13-v2-cleanup.txt
 D spikes/cgroup-bpf/evidence/s13/run2/final/s13-v2-final-bpffs.txt
 D spikes/cgroup-bpf/evidence/s13/run2/final/s13-v2-final-link.json
 D spikes/cgroup-bpf/evidence/s13/run2/final/s13-v2-final-map.json
 D spikes/cgroup-bpf/evidence/s13/run2/final/s13-v2-final-prog.json
 D spikes/cgroup-bpf/evidence/s13/run2/final/s13-v2-independent-final-validation.txt
 D spikes/cgroup-bpf/evidence/s13/run2/final/s13-v2-run-exit-status.txt
 D spikes/cgroup-bpf/evidence/s13/run2/s13-v2-result.txt
 D spikes/cgroup-bpf/evidence/s13/setup-collection-failed-1/baseline/s13-baseline-bpffs.txt
 D spikes/cgroup-bpf/evidence/s13/setup-collection-failed-1/baseline/s13-baseline-link.json
 D spikes/cgroup-bpf/evidence/s13/setup-collection-failed-1/baseline/s13-baseline-map.json
 D spikes/cgroup-bpf/evidence/s13/setup-collection-failed-1/baseline/s13-baseline-prog.json
 D spikes/cgroup-bpf/evidence/s13/setup-collection-failed-1/baseline/s13-baseline-state.txt
 D spikes/cgroup-bpf/evidence/s13/setup-collection-failed-1/case-a-compatible/before-loader-loss-bpffs.txt
 D spikes/cgroup-bpf/evidence/s13/setup-collection-failed-1/case-a-compatible/before-loader-loss-link.json
 D spikes/cgroup-bpf/evidence/s13/setup-collection-failed-1/case-a-compatible/before-loader-loss-map.json
 D spikes/cgroup-bpf/evidence/s13/setup-collection-failed-1/case-a-compatible/before-loader-loss-prog.json
 D spikes/cgroup-bpf/evidence/s13/setup-collection-failed-1/case-a-compatible/cookie-before-loss.json
 D spikes/cgroup-bpf/evidence/s13/setup-collection-failed-1/case-a-compatible/meta-before-loss.json
 D spikes/cgroup-bpf/evidence/s13/setup-collection-failed-1/case-a-compatible/pinned-link-identities-before-loss.jsonl
 D spikes/cgroup-bpf/evidence/s13/setup-collection-failed-1/case-a-compatible/pinned-map-identities-before-loss.jsonl
 D spikes/cgroup-bpf/evidence/s13/setup-collection-failed-1/case-a-compatible/policy-before-loss.json
 D spikes/cgroup-bpf/evidence/s13/setup-collection-failed-1/case-a-compatible/pre-bpffs.txt
 D spikes/cgroup-bpf/evidence/s13/setup-collection-failed-1/case-a-compatible/prior-loader.log
 D spikes/cgroup-bpf/evidence/s13/setup-collection-failed-1/case-a-compatible/tuple-before-loss.json
 D spikes/cgroup-bpf/evidence/s13/setup-collection-failed-1/contract/current-contract.txt
 D spikes/cgroup-bpf/evidence/s13/setup-collection-failed-1/contract/metadata-sufficiency.txt
 D spikes/cgroup-bpf/evidence/s13/setup-collection-failed-1/final/old-loader-cleanup.txt
 D spikes/cgroup-bpf/evidence/s13/setup-stale-marker-failed-2/baseline/s13-baseline-bpffs.txt
 D spikes/cgroup-bpf/evidence/s13/setup-stale-marker-failed-2/baseline/s13-baseline-link.json
 D spikes/cgroup-bpf/evidence/s13/setup-stale-marker-failed-2/baseline/s13-baseline-map.json
 D spikes/cgroup-bpf/evidence/s13/setup-stale-marker-failed-2/baseline/s13-baseline-prog.json
 D spikes/cgroup-bpf/evidence/s13/setup-stale-marker-failed-2/baseline/s13-baseline-state.txt
 D spikes/cgroup-bpf/evidence/s13/setup-stale-marker-failed-2/case-a-compatible/pre-bpffs.txt
 D spikes/cgroup-bpf/evidence/s13/setup-stale-marker-failed-2/case-a-compatible/prior-loader.log
 D spikes/cgroup-bpf/evidence/s13/setup-stale-marker-failed-2/contract/current-contract.txt
 D spikes/cgroup-bpf/evidence/s13/setup-stale-marker-failed-2/contract/metadata-sufficiency.txt
 D spikes/cgroup-bpf/evidence/s13/setup-stale-marker-failed-2/final/old-loader-cleanup.txt
 D spikes/cgroup-bpf/evidence/s13/setup-stale-marker-failed-2/final/s13-cleanup.txt
 D spikes/cgroup-bpf/evidence/s13/setup-stale-marker-failed-2/final/s13-final-bpffs.txt
 D spikes/cgroup-bpf/evidence/s13/setup-stale-marker-failed-2/final/s13-final-link.json
 D spikes/cgroup-bpf/evidence/s13/setup-stale-marker-failed-2/final/s13-final-map.json
 D spikes/cgroup-bpf/evidence/s13/setup-stale-marker-failed-2/final/s13-final-prog.json
 D spikes/cgroup-bpf/evidence/s13/setup-stale-marker-failed-2/final/s13-run-exit-status.txt
 D spikes/cgroup-bpf/evidence/s13/setup-v2-crash-loop-failed-1/baseline/cgroup-inodes.txt
 D spikes/cgroup-bpf/evidence/s13/setup-v2-crash-loop-failed-1/baseline/s13-v2-baseline-bpffs.txt
 D spikes/cgroup-bpf/evidence/s13/setup-v2-crash-loop-failed-1/baseline/s13-v2-baseline-link.json
 D spikes/cgroup-bpf/evidence/s13/setup-v2-crash-loop-failed-1/baseline/s13-v2-baseline-map.json
 D spikes/cgroup-bpf/evidence/s13/setup-v2-crash-loop-failed-1/baseline/s13-v2-baseline-prog.json
 D spikes/cgroup-bpf/evidence/s13/setup-v2-crash-loop-failed-1/baseline/state.txt
 D spikes/cgroup-bpf/evidence/s13/setup-v2-crash-loop-failed-1/case-a-compatible/cleanup.log
 D spikes/cgroup-bpf/evidence/s13/setup-v2-crash-loop-failed-1/case-a-compatible/new-cookie.json
 D spikes/cgroup-bpf/evidence/s13/setup-v2-crash-loop-failed-1/case-a-compatible/new-map-ids.json
 D spikes/cgroup-bpf/evidence/s13/setup-v2-crash-loop-failed-1/case-a-compatible/new-meta.json
 D spikes/cgroup-bpf/evidence/s13/setup-v2-crash-loop-failed-1/case-a-compatible/new-policy.json
 D spikes/cgroup-bpf/evidence/s13/setup-v2-crash-loop-failed-1/case-a-compatible/new-record.json
 D spikes/cgroup-bpf/evidence/s13/setup-v2-crash-loop-failed-1/case-a-compatible/new-state-bpffs.txt
 D spikes/cgroup-bpf/evidence/s13/setup-v2-crash-loop-failed-1/case-a-compatible/new-state-link.json
 D spikes/cgroup-bpf/evidence/s13/setup-v2-crash-loop-failed-1/case-a-compatible/new-state-map.json
 D spikes/cgroup-bpf/evidence/s13/setup-v2-crash-loop-failed-1/case-a-compatible/new-state-prog.json
 D spikes/cgroup-bpf/evidence/s13/setup-v2-crash-loop-failed-1/case-a-compatible/new-tuple.json
 D spikes/cgroup-bpf/evidence/s13/setup-v2-crash-loop-failed-1/case-a-compatible/old-cookie.json
 D spikes/cgroup-bpf/evidence/s13/setup-v2-crash-loop-failed-1/case-a-compatible/old-map-ids.json
 D spikes/cgroup-bpf/evidence/s13/setup-v2-crash-loop-failed-1/case-a-compatible/old-meta.json
 D spikes/cgroup-bpf/evidence/s13/setup-v2-crash-loop-failed-1/case-a-compatible/old-policy.json
 D spikes/cgroup-bpf/evidence/s13/setup-v2-crash-loop-failed-1/case-a-compatible/old-record.json
 D spikes/cgroup-bpf/evidence/s13/setup-v2-crash-loop-failed-1/case-a-compatible/old-startup.log
 D spikes/cgroup-bpf/evidence/s13/setup-v2-crash-loop-failed-1/case-a-compatible/old-state-bpffs.txt
 D spikes/cgroup-bpf/evidence/s13/setup-v2-crash-loop-failed-1/case-a-compatible/old-state-link.json
 D spikes/cgroup-bpf/evidence/s13/setup-v2-crash-loop-failed-1/case-a-compatible/old-state-map.json
 D spikes/cgroup-bpf/evidence/s13/setup-v2-crash-loop-failed-1/case-a-compatible/old-state-prog.json
 D spikes/cgroup-bpf/evidence/s13/setup-v2-crash-loop-failed-1/case-a-compatible/old-tuple.json
 D spikes/cgroup-bpf/evidence/s13/setup-v2-crash-loop-failed-1/case-a-compatible/recovery-order.txt
 D spikes/cgroup-bpf/evidence/s13/setup-v2-crash-loop-failed-1/case-a-compatible/recovery-startup.log
 D spikes/cgroup-bpf/evidence/s13/setup-v2-crash-loop-failed-1/case-b-incompatible/after-refusal-bpffs.txt
 D spikes/cgroup-bpf/evidence/s13/setup-v2-crash-loop-failed-1/case-b-incompatible/after-refusal-link.json
 D spikes/cgroup-bpf/evidence/s13/setup-v2-crash-loop-failed-1/case-b-incompatible/after-refusal-map.json
 D spikes/cgroup-bpf/evidence/s13/setup-v2-crash-loop-failed-1/case-b-incompatible/after-refusal-prog.json
 D spikes/cgroup-bpf/evidence/s13/setup-v2-crash-loop-failed-1/case-b-incompatible/compatible-record-before-mutation.json
 D spikes/cgroup-bpf/evidence/s13/setup-v2-crash-loop-failed-1/case-b-incompatible/incompatible-record.json
 D spikes/cgroup-bpf/evidence/s13/setup-v2-crash-loop-failed-1/case-b-incompatible/old-startup.log
 D spikes/cgroup-bpf/evidence/s13/setup-v2-crash-loop-failed-1/case-b-incompatible/result.txt
 D spikes/cgroup-bpf/evidence/s13/setup-v2-crash-loop-failed-1/case-b-incompatible/stale-tuple-after-refusal.json
 D spikes/cgroup-bpf/evidence/s13/setup-v2-crash-loop-failed-1/case-b-incompatible/startup-attempt.log
 D spikes/cgroup-bpf/evidence/s13/setup-v2-crash-loop-failed-1/case-b-incompatible/startup-exit-status.txt
 D spikes/cgroup-bpf/evidence/s13/setup-v2-crash-loop-failed-1/case-b-incompatible/test-harness-cleanup.log
 D spikes/cgroup-bpf/evidence/s13/setup-v2-crash-loop-failed-1/case-c-unknown/after-attempt-bpffs.txt
 D spikes/cgroup-bpf/evidence/s13/setup-v2-crash-loop-failed-1/case-c-unknown/after-attempt-link.json
 D spikes/cgroup-bpf/evidence/s13/setup-v2-crash-loop-failed-1/case-c-unknown/after-attempt-map.json
 D spikes/cgroup-bpf/evidence/s13/setup-v2-crash-loop-failed-1/case-c-unknown/after-attempt-prog.json
 D spikes/cgroup-bpf/evidence/s13/setup-v2-crash-loop-failed-1/case-c-unknown/before-attempt-bpffs.txt
 D spikes/cgroup-bpf/evidence/s13/setup-v2-crash-loop-failed-1/case-c-unknown/before-attempt-link.json
 D spikes/cgroup-bpf/evidence/s13/setup-v2-crash-loop-failed-1/case-c-unknown/before-attempt-map.json
 D spikes/cgroup-bpf/evidence/s13/setup-v2-crash-loop-failed-1/case-c-unknown/before-attempt-prog.json
 D spikes/cgroup-bpf/evidence/s13/setup-v2-crash-loop-failed-1/case-c-unknown/foreign-after.json
 D spikes/cgroup-bpf/evidence/s13/setup-v2-crash-loop-failed-1/case-c-unknown/foreign-before.json
 D spikes/cgroup-bpf/evidence/s13/setup-v2-crash-loop-failed-1/case-c-unknown/foreign-content-after.json
 D spikes/cgroup-bpf/evidence/s13/setup-v2-crash-loop-failed-1/case-c-unknown/foreign-content-before.json
 D spikes/cgroup-bpf/evidence/s13/setup-v2-crash-loop-failed-1/case-c-unknown/result.txt
 D spikes/cgroup-bpf/evidence/s13/setup-v2-crash-loop-failed-1/case-c-unknown/startup-attempt.log
 D spikes/cgroup-bpf/evidence/s13/setup-v2-crash-loop-failed-1/case-c-unknown/startup-exit-status.txt
 D spikes/cgroup-bpf/evidence/s13/setup-v2-crash-loop-failed-1/case-d-generation/old-tuple-lookup-status.txt
 D spikes/cgroup-bpf/evidence/s13/setup-v2-crash-loop-failed-1/case-d-generation/old-tuple-lookup.txt
 D spikes/cgroup-bpf/evidence/s13/setup-v2-crash-loop-failed-1/case-d-generation/result.txt
 D spikes/cgroup-bpf/evidence/s13/setup-v2-crash-loop-failed-1/contract/S13-CONTRACT.md
 D spikes/cgroup-bpf/evidence/s13/setup-v2-crash-loop-failed-1/contract/provenance.txt
 D spikes/cgroup-bpf/evidence/s13/setup-v2-crash-loop-failed-1/contract/summary.txt
 D spikes/cgroup-bpf/evidence/s13/setup-v2-crash-loop-failed-1/final/s13-v2-cleanup.txt
 D spikes/cgroup-bpf/evidence/s13/setup-v2-crash-loop-failed-1/final/s13-v2-final-bpffs.txt
 D spikes/cgroup-bpf/evidence/s13/setup-v2-crash-loop-failed-1/final/s13-v2-final-link.json
 D spikes/cgroup-bpf/evidence/s13/setup-v2-crash-loop-failed-1/final/s13-v2-final-map.json
 D spikes/cgroup-bpf/evidence/s13/setup-v2-crash-loop-failed-1/final/s13-v2-final-prog.json
 D spikes/cgroup-bpf/evidence/s13/setup-v2-crash-loop-failed-1/final/s13-v2-run-exit-status.txt
 D spikes/cgroup-bpf/evidence/s14/run1/baseline/s14-baseline-bpffs.txt
 D spikes/cgroup-bpf/evidence/s14/run1/baseline/s14-baseline-link.json
 D spikes/cgroup-bpf/evidence/s14/run1/baseline/s14-baseline-map.json
 D spikes/cgroup-bpf/evidence/s14/run1/baseline/s14-baseline-prog.json
 D spikes/cgroup-bpf/evidence/s14/run1/baseline/s14-baseline-state.txt
 D spikes/cgroup-bpf/evidence/s14/run1/baseline/s14-kernel-bpf-features.txt
 D spikes/cgroup-bpf/evidence/s14/run1/final/s14-final-bpffs.txt
 D spikes/cgroup-bpf/evidence/s14/run1/final/s14-final-cleanup.txt
 D spikes/cgroup-bpf/evidence/s14/run1/final/s14-final-link.json
 D spikes/cgroup-bpf/evidence/s14/run1/final/s14-final-map.json
 D spikes/cgroup-bpf/evidence/s14/run1/final/s14-final-prog.json
 D spikes/cgroup-bpf/evidence/s14/run1/final/s14-run-exit-status.txt
 D spikes/cgroup-bpf/evidence/s14/run1/limit-diagnostic/baseline-link.json
 D spikes/cgroup-bpf/evidence/s14/run1/limit-diagnostic/baseline-map.json
 D spikes/cgroup-bpf/evidence/s14/run1/limit-diagnostic/baseline-prog.json
 D spikes/cgroup-bpf/evidence/s14/run1/limit-diagnostic/diagnostic-script-exit-status.txt
 D spikes/cgroup-bpf/evidence/s14/run1/limit-diagnostic/failure-tail.txt
 D spikes/cgroup-bpf/evidence/s14/run1/limit-diagnostic/fd-progression.txt
 D spikes/cgroup-bpf/evidence/s14/run1/limit-diagnostic/final-cleanup.txt
 D spikes/cgroup-bpf/evidence/s14/run1/limit-diagnostic/final-link.json
 D spikes/cgroup-bpf/evidence/s14/run1/limit-diagnostic/final-map.json
 D spikes/cgroup-bpf/evidence/s14/run1/limit-diagnostic/final-prog.json
 D spikes/cgroup-bpf/evidence/s14/run1/limit-diagnostic/harness-exit-status.txt
 D spikes/cgroup-bpf/evidence/s14/run1/limit-diagnostic/harness-limits.txt
 D spikes/cgroup-bpf/evidence/s14/run1/limit-diagnostic/harness.txt
 D spikes/cgroup-bpf/evidence/s14/run1/limit-diagnostic/preflight.txt
 D spikes/cgroup-bpf/evidence/s14/run1/limit-diagnostic/provenance.txt
 D spikes/cgroup-bpf/evidence/s14/run1/limit-diagnostic/result.txt
 D spikes/cgroup-bpf/evidence/s14/run1/points/n001/after-bpffs.txt
 D spikes/cgroup-bpf/evidence/s14/run1/points/n001/after-cleanup.txt
 D spikes/cgroup-bpf/evidence/s14/run1/points/n001/after-link.identity.json
 D spikes/cgroup-bpf/evidence/s14/run1/points/n001/after-link.json
 D spikes/cgroup-bpf/evidence/s14/run1/points/n001/after-map.identity.json
 D spikes/cgroup-bpf/evidence/s14/run1/points/n001/after-map.json
 D spikes/cgroup-bpf/evidence/s14/run1/points/n001/after-prog.identity.json
 D spikes/cgroup-bpf/evidence/s14/run1/points/n001/after-prog.json
 D spikes/cgroup-bpf/evidence/s14/run1/points/n001/attribution.txt
 D spikes/cgroup-bpf/evidence/s14/run1/points/n001/before-bpffs.txt
 D spikes/cgroup-bpf/evidence/s14/run1/points/n001/before-cgroup-tree.txt
 D spikes/cgroup-bpf/evidence/s14/run1/points/n001/before-link.identity.json
 D spikes/cgroup-bpf/evidence/s14/run1/points/n001/before-link.json
 D spikes/cgroup-bpf/evidence/s14/run1/points/n001/before-map.identity.json
 D spikes/cgroup-bpf/evidence/s14/run1/points/n001/before-map.json
 D spikes/cgroup-bpf/evidence/s14/run1/points/n001/before-prog.identity.json
 D spikes/cgroup-bpf/evidence/s14/run1/points/n001/before-prog.json
 D spikes/cgroup-bpf/evidence/s14/run1/points/n001/candidate-links.json
 D spikes/cgroup-bpf/evidence/s14/run1/points/n001/candidate-maps.json
 D spikes/cgroup-bpf/evidence/s14/run1/points/n001/candidate-programs.json
 D spikes/cgroup-bpf/evidence/s14/run1/points/n001/cgroups/e000-direct.json
 D spikes/cgroup-bpf/evidence/s14/run1/points/n001/cgroups/e000-effective.json
 D spikes/cgroup-bpf/evidence/s14/run1/points/n001/during-bpffs.txt
 D spikes/cgroup-bpf/evidence/s14/run1/points/n001/during-cgroup-tree.txt
 D spikes/cgroup-bpf/evidence/s14/run1/points/n001/during-link.json
 D spikes/cgroup-bpf/evidence/s14/run1/points/n001/during-map.json
 D spikes/cgroup-bpf/evidence/s14/run1/points/n001/during-pins.txt
 D spikes/cgroup-bpf/evidence/s14/run1/points/n001/during-prog.json
 D spikes/cgroup-bpf/evidence/s14/run1/points/n001/harness-exit-status.txt
 D spikes/cgroup-bpf/evidence/s14/run1/points/n001/harness.txt
 D spikes/cgroup-bpf/evidence/s14/run1/points/n001/map-resource-model.json
 D spikes/cgroup-bpf/evidence/s14/run1/points/n001/membership.txt
 D spikes/cgroup-bpf/evidence/s14/run1/points/n001/program-resource-model.json
 D spikes/cgroup-bpf/evidence/s14/run1/points/n001/resources.txt
 D spikes/cgroup-bpf/evidence/s14/run1/points/n001/topology-links.txt
 D spikes/cgroup-bpf/evidence/s14/run1/points/n001/topology-netns.txt
 D spikes/cgroup-bpf/evidence/s14/run1/points/n001/topology-nft.txt
 D spikes/cgroup-bpf/evidence/s14/run1/points/n001/topology-teardown.txt
 D spikes/cgroup-bpf/evidence/s14/run1/points/n001/topology.txt
 D spikes/cgroup-bpf/evidence/s14/run1/points/n001/traffic-cookie.json
 D spikes/cgroup-bpf/evidence/s14/run1/points/n001/traffic-counters.json
 D spikes/cgroup-bpf/evidence/s14/run1/points/n001/traffic-denies.json
 D spikes/cgroup-bpf/evidence/s14/run1/points/n001/traffic-tuples.json
 D spikes/cgroup-bpf/evidence/s14/run1/points/n004/after-bpffs.txt
 D spikes/cgroup-bpf/evidence/s14/run1/points/n004/after-cleanup.txt
 D spikes/cgroup-bpf/evidence/s14/run1/points/n004/after-link.identity.json
 D spikes/cgroup-bpf/evidence/s14/run1/points/n004/after-link.json
 D spikes/cgroup-bpf/evidence/s14/run1/points/n004/after-map.identity.json
 D spikes/cgroup-bpf/evidence/s14/run1/points/n004/after-map.json
 D spikes/cgroup-bpf/evidence/s14/run1/points/n004/after-prog.identity.json
 D spikes/cgroup-bpf/evidence/s14/run1/points/n004/after-prog.json
 D spikes/cgroup-bpf/evidence/s14/run1/points/n004/attribution.txt
 D spikes/cgroup-bpf/evidence/s14/run1/points/n004/before-bpffs.txt
 D spikes/cgroup-bpf/evidence/s14/run1/points/n004/before-cgroup-tree.txt
 D spikes/cgroup-bpf/evidence/s14/run1/points/n004/before-link.identity.json
 D spikes/cgroup-bpf/evidence/s14/run1/points/n004/before-link.json
 D spikes/cgroup-bpf/evidence/s14/run1/points/n004/before-map.identity.json
 D spikes/cgroup-bpf/evidence/s14/run1/points/n004/before-map.json
 D spikes/cgroup-bpf/evidence/s14/run1/points/n004/before-prog.identity.json
 D spikes/cgroup-bpf/evidence/s14/run1/points/n004/before-prog.json
 D spikes/cgroup-bpf/evidence/s14/run1/points/n004/candidate-links.json
 D spikes/cgroup-bpf/evidence/s14/run1/points/n004/candidate-maps.json
 D spikes/cgroup-bpf/evidence/s14/run1/points/n004/candidate-programs.json
 D spikes/cgroup-bpf/evidence/s14/run1/points/n004/cgroups/e000-direct.json
 D spikes/cgroup-bpf/evidence/s14/run1/points/n004/cgroups/e000-effective.json
 D spikes/cgroup-bpf/evidence/s14/run1/points/n004/cgroups/e001-direct.json
 D spikes/cgroup-bpf/evidence/s14/run1/points/n004/cgroups/e001-effective.json
 D spikes/cgroup-bpf/evidence/s14/run1/points/n004/cgroups/e002-direct.json
 D spikes/cgroup-bpf/evidence/s14/run1/points/n004/cgroups/e002-effective.json
 D spikes/cgroup-bpf/evidence/s14/run1/points/n004/cgroups/e003-direct.json
 D spikes/cgroup-bpf/evidence/s14/run1/points/n004/cgroups/e003-effective.json
 D spikes/cgroup-bpf/evidence/s14/run1/points/n004/during-bpffs.txt
 D spikes/cgroup-bpf/evidence/s14/run1/points/n004/during-cgroup-tree.txt
 D spikes/cgroup-bpf/evidence/s14/run1/points/n004/during-link.json
 D spikes/cgroup-bpf/evidence/s14/run1/points/n004/during-map.json
 D spikes/cgroup-bpf/evidence/s14/run1/points/n004/during-pins.txt
 D spikes/cgroup-bpf/evidence/s14/run1/points/n004/during-prog.json
 D spikes/cgroup-bpf/evidence/s14/run1/points/n004/harness-exit-status.txt
 D spikes/cgroup-bpf/evidence/s14/run1/points/n004/harness.txt
 D spikes/cgroup-bpf/evidence/s14/run1/points/n004/map-resource-model.json
 D spikes/cgroup-bpf/evidence/s14/run1/points/n004/membership.txt
 D spikes/cgroup-bpf/evidence/s14/run1/points/n004/program-resource-model.json
 D spikes/cgroup-bpf/evidence/s14/run1/points/n004/resources.txt
 D spikes/cgroup-bpf/evidence/s14/run1/points/n004/topology-links.txt
 D spikes/cgroup-bpf/evidence/s14/run1/points/n004/topology-netns.txt
 D spikes/cgroup-bpf/evidence/s14/run1/points/n004/topology-nft.txt
 D spikes/cgroup-bpf/evidence/s14/run1/points/n004/topology-teardown.txt
 D spikes/cgroup-bpf/evidence/s14/run1/points/n004/topology.txt
 D spikes/cgroup-bpf/evidence/s14/run1/points/n004/traffic-cookie.json
 D spikes/cgroup-bpf/evidence/s14/run1/points/n004/traffic-counters.json
 D spikes/cgroup-bpf/evidence/s14/run1/points/n004/traffic-denies.json
 D spikes/cgroup-bpf/evidence/s14/run1/points/n004/traffic-tuples.json
 D spikes/cgroup-bpf/evidence/s14/run1/points/n016/after-bpffs.txt
 D spikes/cgroup-bpf/evidence/s14/run1/points/n016/after-cleanup.txt
 D spikes/cgroup-bpf/evidence/s14/run1/points/n016/after-link.identity.json
 D spikes/cgroup-bpf/evidence/s14/run1/points/n016/after-link.json
 D spikes/cgroup-bpf/evidence/s14/run1/points/n016/after-map.identity.json
 D spikes/cgroup-bpf/evidence/s14/run1/points/n016/after-map.json
 D spikes/cgroup-bpf/evidence/s14/run1/points/n016/after-prog.identity.json
 D spikes/cgroup-bpf/evidence/s14/run1/points/n016/after-prog.json
 D spikes/cgroup-bpf/evidence/s14/run1/points/n016/attribution.txt
 D spikes/cgroup-bpf/evidence/s14/run1/points/n016/before-bpffs.txt
 D spikes/cgroup-bpf/evidence/s14/run1/points/n016/before-cgroup-tree.txt
 D spikes/cgroup-bpf/evidence/s14/run1/points/n016/before-link.identity.json
 D spikes/cgroup-bpf/evidence/s14/run1/points/n016/before-link.json
 D spikes/cgroup-bpf/evidence/s14/run1/points/n016/before-map.identity.json
 D spikes/cgroup-bpf/evidence/s14/run1/points/n016/before-map.json
 D spikes/cgroup-bpf/evidence/s14/run1/points/n016/before-prog.identity.json
 D spikes/cgroup-bpf/evidence/s14/run1/points/n016/before-prog.json
 D spikes/cgroup-bpf/evidence/s14/run1/points/n016/candidate-links.json
 D spikes/cgroup-bpf/evidence/s14/run1/points/n016/candidate-maps.json
 D spikes/cgroup-bpf/evidence/s14/run1/points/n016/candidate-programs.json
 D spikes/cgroup-bpf/evidence/s14/run1/points/n016/cgroups/e000-direct.json
 D spikes/cgroup-bpf/evidence/s14/run1/points/n016/cgroups/e000-effective.json
 D spikes/cgroup-bpf/evidence/s14/run1/points/n016/cgroups/e001-direct.json
 D spikes/cgroup-bpf/evidence/s14/run1/points/n016/cgroups/e001-effective.json
 D spikes/cgroup-bpf/evidence/s14/run1/points/n016/cgroups/e002-direct.json
 D spikes/cgroup-bpf/evidence/s14/run1/points/n016/cgroups/e002-effective.json
 D spikes/cgroup-bpf/evidence/s14/run1/points/n016/cgroups/e003-direct.json
 D spikes/cgroup-bpf/evidence/s14/run1/points/n016/cgroups/e003-effective.json
 D spikes/cgroup-bpf/evidence/s14/run1/points/n016/cgroups/e004-direct.json
 D spikes/cgroup-bpf/evidence/s14/run1/points/n016/cgroups/e004-effective.json
 D spikes/cgroup-bpf/evidence/s14/run1/points/n016/cgroups/e005-direct.json
 D spikes/cgroup-bpf/evidence/s14/run1/points/n016/cgroups/e005-effective.json
 D spikes/cgroup-bpf/evidence/s14/run1/points/n016/cgroups/e006-direct.json
 D spikes/cgroup-bpf/evidence/s14/run1/points/n016/cgroups/e006-effective.json
 D spikes/cgroup-bpf/evidence/s14/run1/points/n016/cgroups/e007-direct.json
 D spikes/cgroup-bpf/evidence/s14/run1/points/n016/cgroups/e007-effective.json
 D spikes/cgroup-bpf/evidence/s14/run1/points/n016/cgroups/e008-direct.json
 D spikes/cgroup-bpf/evidence/s14/run1/points/n016/cgroups/e008-effective.json
 D spikes/cgroup-bpf/evidence/s14/run1/points/n016/cgroups/e009-direct.json
 D spikes/cgroup-bpf/evidence/s14/run1/points/n016/cgroups/e009-effective.json
 D spikes/cgroup-bpf/evidence/s14/run1/points/n016/cgroups/e010-direct.json
 D spikes/cgroup-bpf/evidence/s14/run1/points/n016/cgroups/e010-effective.json
 D spikes/cgroup-bpf/evidence/s14/run1/points/n016/cgroups/e011-direct.json
 D spikes/cgroup-bpf/evidence/s14/run1/points/n016/cgroups/e011-effective.json
 D spikes/cgroup-bpf/evidence/s14/run1/points/n016/cgroups/e012-direct.json
 D spikes/cgroup-bpf/evidence/s14/run1/points/n016/cgroups/e012-effective.json
 D spikes/cgroup-bpf/evidence/s14/run1/points/n016/cgroups/e013-direct.json
 D spikes/cgroup-bpf/evidence/s14/run1/points/n016/cgroups/e013-effective.json
 D spikes/cgroup-bpf/evidence/s14/run1/points/n016/cgroups/e014-direct.json
 D spikes/cgroup-bpf/evidence/s14/run1/points/n016/cgroups/e014-effective.json
 D spikes/cgroup-bpf/evidence/s14/run1/points/n016/cgroups/e015-direct.json
 D spikes/cgroup-bpf/evidence/s14/run1/points/n016/cgroups/e015-effective.json
 D spikes/cgroup-bpf/evidence/s14/run1/points/n016/during-bpffs.txt
 D spikes/cgroup-bpf/evidence/s14/run1/points/n016/during-cgroup-tree.txt
 D spikes/cgroup-bpf/evidence/s14/run1/points/n016/during-link.json
 D spikes/cgroup-bpf/evidence/s14/run1/points/n016/during-map.json
 D spikes/cgroup-bpf/evidence/s14/run1/points/n016/during-pins.txt
 D spikes/cgroup-bpf/evidence/s14/run1/points/n016/during-prog.json
 D spikes/cgroup-bpf/evidence/s14/run1/points/n016/harness-exit-status.txt
 D spikes/cgroup-bpf/evidence/s14/run1/points/n016/harness.txt
 D spikes/cgroup-bpf/evidence/s14/run1/points/n016/map-resource-model.json
 D spikes/cgroup-bpf/evidence/s14/run1/points/n016/membership.txt
 D spikes/cgroup-bpf/evidence/s14/run1/points/n016/program-resource-model.json
 D spikes/cgroup-bpf/evidence/s14/run1/points/n016/resources.txt
 D spikes/cgroup-bpf/evidence/s14/run1/points/n016/topology-links.txt
 D spikes/cgroup-bpf/evidence/s14/run1/points/n016/topology-netns.txt
 D spikes/cgroup-bpf/evidence/s14/run1/points/n016/topology-nft.txt
 D spikes/cgroup-bpf/evidence/s14/run1/points/n016/topology-teardown.txt
 D spikes/cgroup-bpf/evidence/s14/run1/points/n016/topology.txt
 D spikes/cgroup-bpf/evidence/s14/run1/points/n016/traffic-cookie.json
 D spikes/cgroup-bpf/evidence/s14/run1/points/n016/traffic-counters.json
 D spikes/cgroup-bpf/evidence/s14/run1/points/n016/traffic-denies.json
 D spikes/cgroup-bpf/evidence/s14/run1/points/n016/traffic-tuples.json
 D spikes/cgroup-bpf/evidence/s14/run1/points/n032/after-bpffs.txt
 D spikes/cgroup-bpf/evidence/s14/run1/points/n032/after-cleanup.txt
 D spikes/cgroup-bpf/evidence/s14/run1/points/n032/after-link.identity.json
 D spikes/cgroup-bpf/evidence/s14/run1/points/n032/after-link.json
 D spikes/cgroup-bpf/evidence/s14/run1/points/n032/after-map.identity.json
 D spikes/cgroup-bpf/evidence/s14/run1/points/n032/after-map.json
 D spikes/cgroup-bpf/evidence/s14/run1/points/n032/after-prog.identity.json
 D spikes/cgroup-bpf/evidence/s14/run1/points/n032/after-prog.json
 D spikes/cgroup-bpf/evidence/s14/run1/points/n032/attribution.txt
 D spikes/cgroup-bpf/evidence/s14/run1/points/n032/before-bpffs.txt
 D spikes/cgroup-bpf/evidence/s14/run1/points/n032/before-cgroup-tree.txt
 D spikes/cgroup-bpf/evidence/s14/run1/points/n032/before-link.identity.json
 D spikes/cgroup-bpf/evidence/s14/run1/points/n032/before-link.json
 D spikes/cgroup-bpf/evidence/s14/run1/points/n032/before-map.identity.json
 D spikes/cgroup-bpf/evidence/s14/run1/points/n032/before-map.json
 D spikes/cgroup-bpf/evidence/s14/run1/points/n032/before-prog.identity.json
 D spikes/cgroup-bpf/evidence/s14/run1/points/n032/before-prog.json
 D spikes/cgroup-bpf/evidence/s14/run1/points/n032/candidate-links.json
 D spikes/cgroup-bpf/evidence/s14/run1/points/n032/candidate-maps.json
 D spikes/cgroup-bpf/evidence/s14/run1/points/n032/candidate-programs.json
 D spikes/cgroup-bpf/evidence/s14/run1/points/n032/cgroups/e000-direct.json
 D spikes/cgroup-bpf/evidence/s14/run1/points/n032/cgroups/e000-effective.json
 D spikes/cgroup-bpf/evidence/s14/run1/points/n032/cgroups/e001-direct.json
 D spikes/cgroup-bpf/evidence/s14/run1/points/n032/cgroups/e001-effective.json
 D spikes/cgroup-bpf/evidence/s14/run1/points/n032/cgroups/e002-direct.json
 D spikes/cgroup-bpf/evidence/s14/run1/points/n032/cgroups/e002-effective.json
 D spikes/cgroup-bpf/evidence/s14/run1/points/n032/cgroups/e003-direct.json
 D spikes/cgroup-bpf/evidence/s14/run1/points/n032/cgroups/e003-effective.json
 D spikes/cgroup-bpf/evidence/s14/run1/points/n032/cgroups/e004-direct.json
 D spikes/cgroup-bpf/evidence/s14/run1/points/n032/cgroups/e004-effective.json
 D spikes/cgroup-bpf/evidence/s14/run1/points/n032/cgroups/e005-direct.json
 D spikes/cgroup-bpf/evidence/s14/run1/points/n032/cgroups/e005-effective.json
 D spikes/cgroup-bpf/evidence/s14/run1/points/n032/cgroups/e006-direct.json
 D spikes/cgroup-bpf/evidence/s14/run1/points/n032/cgroups/e006-effective.json
 D spikes/cgroup-bpf/evidence/s14/run1/points/n032/cgroups/e007-direct.json
 D spikes/cgroup-bpf/evidence/s14/run1/points/n032/cgroups/e007-effective.json
 D spikes/cgroup-bpf/evidence/s14/run1/points/n032/cgroups/e008-direct.json
 D spikes/cgroup-bpf/evidence/s14/run1/points/n032/cgroups/e008-effective.json
 D spikes/cgroup-bpf/evidence/s14/run1/points/n032/cgroups/e009-direct.json
 D spikes/cgroup-bpf/evidence/s14/run1/points/n032/cgroups/e009-effective.json
 D spikes/cgroup-bpf/evidence/s14/run1/points/n032/cgroups/e010-direct.json
 D spikes/cgroup-bpf/evidence/s14/run1/points/n032/cgroups/e010-effective.json
 D spikes/cgroup-bpf/evidence/s14/run1/points/n032/cgroups/e011-direct.json
 D spikes/cgroup-bpf/evidence/s14/run1/points/n032/cgroups/e011-effective.json
 D spikes/cgroup-bpf/evidence/s14/run1/points/n032/cgroups/e012-direct.json
 D spikes/cgroup-bpf/evidence/s14/run1/points/n032/cgroups/e012-effective.json
 D spikes/cgroup-bpf/evidence/s14/run1/points/n032/cgroups/e013-direct.json
 D spikes/cgroup-bpf/evidence/s14/run1/points/n032/cgroups/e013-effective.json
 D spikes/cgroup-bpf/evidence/s14/run1/points/n032/cgroups/e014-direct.json
 D spikes/cgroup-bpf/evidence/s14/run1/points/n032/cgroups/e014-effective.json
 D spikes/cgroup-bpf/evidence/s14/run1/points/n032/cgroups/e015-direct.json
 D spikes/cgroup-bpf/evidence/s14/run1/points/n032/cgroups/e015-effective.json
 D spikes/cgroup-bpf/evidence/s14/run1/points/n032/cgroups/e016-direct.json
 D spikes/cgroup-bpf/evidence/s14/run1/points/n032/cgroups/e016-effective.json
 D spikes/cgroup-bpf/evidence/s14/run1/points/n032/cgroups/e017-direct.json
 D spikes/cgroup-bpf/evidence/s14/run1/points/n032/cgroups/e017-effective.json
 D spikes/cgroup-bpf/evidence/s14/run1/points/n032/cgroups/e018-direct.json
 D spikes/cgroup-bpf/evidence/s14/run1/points/n032/cgroups/e018-effective.json
 D spikes/cgroup-bpf/evidence/s14/run1/points/n032/cgroups/e019-direct.json
 D spikes/cgroup-bpf/evidence/s14/run1/points/n032/cgroups/e019-effective.json
 D spikes/cgroup-bpf/evidence/s14/run1/points/n032/cgroups/e020-direct.json
 D spikes/cgroup-bpf/evidence/s14/run1/points/n032/cgroups/e020-effective.json
 D spikes/cgroup-bpf/evidence/s14/run1/points/n032/cgroups/e021-direct.json
 D spikes/cgroup-bpf/evidence/s14/run1/points/n032/cgroups/e021-effective.json
 D spikes/cgroup-bpf/evidence/s14/run1/points/n032/cgroups/e022-direct.json
 D spikes/cgroup-bpf/evidence/s14/run1/points/n032/cgroups/e022-effective.json
 D spikes/cgroup-bpf/evidence/s14/run1/points/n032/cgroups/e023-direct.json
 D spikes/cgroup-bpf/evidence/s14/run1/points/n032/cgroups/e023-effective.json
 D spikes/cgroup-bpf/evidence/s14/run1/points/n032/cgroups/e024-direct.json
 D spikes/cgroup-bpf/evidence/s14/run1/points/n032/cgroups/e024-effective.json
 D spikes/cgroup-bpf/evidence/s14/run1/points/n032/cgroups/e025-direct.json
 D spikes/cgroup-bpf/evidence/s14/run1/points/n032/cgroups/e025-effective.json
 D spikes/cgroup-bpf/evidence/s14/run1/points/n032/cgroups/e026-direct.json
 D spikes/cgroup-bpf/evidence/s14/run1/points/n032/cgroups/e026-effective.json
 D spikes/cgroup-bpf/evidence/s14/run1/points/n032/cgroups/e027-direct.json
 D spikes/cgroup-bpf/evidence/s14/run1/points/n032/cgroups/e027-effective.json
 D spikes/cgroup-bpf/evidence/s14/run1/points/n032/cgroups/e028-direct.json
 D spikes/cgroup-bpf/evidence/s14/run1/points/n032/cgroups/e028-effective.json
 D spikes/cgroup-bpf/evidence/s14/run1/points/n032/cgroups/e029-direct.json
 D spikes/cgroup-bpf/evidence/s14/run1/points/n032/cgroups/e029-effective.json
 D spikes/cgroup-bpf/evidence/s14/run1/points/n032/cgroups/e030-direct.json
 D spikes/cgroup-bpf/evidence/s14/run1/points/n032/cgroups/e030-effective.json
 D spikes/cgroup-bpf/evidence/s14/run1/points/n032/cgroups/e031-direct.json
 D spikes/cgroup-bpf/evidence/s14/run1/points/n032/cgroups/e031-effective.json
 D spikes/cgroup-bpf/evidence/s14/run1/points/n032/during-bpffs.txt
 D spikes/cgroup-bpf/evidence/s14/run1/points/n032/during-cgroup-tree.txt
 D spikes/cgroup-bpf/evidence/s14/run1/points/n032/during-link.json
 D spikes/cgroup-bpf/evidence/s14/run1/points/n032/during-map.json
 D spikes/cgroup-bpf/evidence/s14/run1/points/n032/during-pins.txt
 D spikes/cgroup-bpf/evidence/s14/run1/points/n032/during-prog.json
 D spikes/cgroup-bpf/evidence/s14/run1/points/n032/harness-exit-status.txt
 D spikes/cgroup-bpf/evidence/s14/run1/points/n032/harness.txt
 D spikes/cgroup-bpf/evidence/s14/run1/points/n032/map-resource-model.json
 D spikes/cgroup-bpf/evidence/s14/run1/points/n032/membership.txt
 D spikes/cgroup-bpf/evidence/s14/run1/points/n032/program-resource-model.json
 D spikes/cgroup-bpf/evidence/s14/run1/points/n032/resources.txt
 D spikes/cgroup-bpf/evidence/s14/run1/points/n032/topology-links.txt
 D spikes/cgroup-bpf/evidence/s14/run1/points/n032/topology-netns.txt
 D spikes/cgroup-bpf/evidence/s14/run1/points/n032/topology-nft.txt
 D spikes/cgroup-bpf/evidence/s14/run1/points/n032/topology-teardown.txt
 D spikes/cgroup-bpf/evidence/s14/run1/points/n032/topology.txt
 D spikes/cgroup-bpf/evidence/s14/run1/points/n032/traffic-cookie.json
 D spikes/cgroup-bpf/evidence/s14/run1/points/n032/traffic-counters.json
 D spikes/cgroup-bpf/evidence/s14/run1/points/n032/traffic-denies.json
 D spikes/cgroup-bpf/evidence/s14/run1/points/n032/traffic-tuples.json
 D spikes/cgroup-bpf/evidence/s14/run1/points/n064/before-bpffs.txt
 D spikes/cgroup-bpf/evidence/s14/run1/points/n064/before-cgroup-tree.txt
 D spikes/cgroup-bpf/evidence/s14/run1/points/n064/before-link.json
 D spikes/cgroup-bpf/evidence/s14/run1/points/n064/before-map.json
 D spikes/cgroup-bpf/evidence/s14/run1/points/n064/before-prog.json
 D spikes/cgroup-bpf/evidence/s14/run1/points/n064/harness.txt
 D spikes/cgroup-bpf/evidence/s14/run1/points/n064/topology-links.txt
 D spikes/cgroup-bpf/evidence/s14/run1/points/n064/topology-netns.txt
 D spikes/cgroup-bpf/evidence/s14/run1/points/n064/topology-nft.txt
 D spikes/cgroup-bpf/evidence/s14/run1/points/n064/topology.txt
 D spikes/cgroup-bpf/evidence/s14/run1/s14-independent-final-validation.txt
 D spikes/cgroup-bpf/evidence/s14/run1/s14-method.txt
 D spikes/cgroup-bpf/evidence/s14/run1/s14-n64-decision.txt
 D spikes/cgroup-bpf/evidence/s14/run1/s14-provenance.txt
 D spikes/cgroup-bpf/evidence/s14/run1/s14-resource-model.txt
 D spikes/cgroup-bpf/evidence/s14/run1/s14-result.txt
 D spikes/cgroup-bpf/evidence/s14/run1/s14-scaling-matrix.txt
 D spikes/cgroup-bpf/evidence/s14/run1/s14-source-evolution.txt
 D spikes/cgroup-bpf/evidence/s1b/race/s1-before-connection-cookie.json
 D spikes/cgroup-bpf/evidence/s1b/race/s1-before-connection-counters.json
 D spikes/cgroup-bpf/evidence/s1b/race/s1-before-connection-denies.json
 D spikes/cgroup-bpf/evidence/s1b/race/s1-before-connection-diag.json
 D spikes/cgroup-bpf/evidence/s1b/race/s1-before-connection-effective.json
 D spikes/cgroup-bpf/evidence/s1b/race/s1-before-connection-link.json
 D spikes/cgroup-bpf/evidence/s1b/race/s1-before-connection-map.json
 D spikes/cgroup-bpf/evidence/s1b/race/s1-before-connection-port-diag.json
 D spikes/cgroup-bpf/evidence/s1b/race/s1-before-connection-prog.json
 D spikes/cgroup-bpf/evidence/s1b/race/s1-before-connection-staging.json
 D spikes/cgroup-bpf/evidence/s1b/race/s1-before-connection-tuples.json
 D spikes/cgroup-bpf/evidence/s1b/race/s1-cleanup.txt
 D spikes/cgroup-bpf/evidence/s1b/race/s1-during-cgroup-direct.json
 D spikes/cgroup-bpf/evidence/s1b/race/s1-during-cgroup-effective.json
 D spikes/cgroup-bpf/evidence/s1b/race/s1-during-link.json
 D spikes/cgroup-bpf/evidence/s1b/race/s1-during-map.json
 D spikes/cgroup-bpf/evidence/s1b/race/s1-during-prog.json
 D spikes/cgroup-bpf/evidence/s1b/race/s1-during-state.txt
 D spikes/cgroup-bpf/evidence/s1b/race/s1-final-link.json
 D spikes/cgroup-bpf/evidence/s1b/race/s1-final-prog.json
 D spikes/cgroup-bpf/evidence/s1b/race/s1-harness-exit-status.txt
 D spikes/cgroup-bpf/evidence/s1b/race/s1-harness.txt
 D spikes/cgroup-bpf/evidence/s1b/race/s1-host-placement.txt
 D spikes/cgroup-bpf/evidence/s1b/race/s1-membership.txt
 D spikes/cgroup-bpf/evidence/s1b/race/s1-port-contract.txt
 D spikes/cgroup-bpf/evidence/s1b/race/s1-preflight.txt
 D spikes/cgroup-bpf/evidence/s1b/race/s1-provenance.txt
 D spikes/cgroup-bpf/evidence/s1b/race/s1-run-exit-status.txt
 D spikes/cgroup-bpf/evidence/s1b/race/s1-topology.txt
 D spikes/cgroup-bpf/evidence/s2/run1/s2-cleanup.txt
 D spikes/cgroup-bpf/evidence/s2/run1/s2-final-link.json
 D spikes/cgroup-bpf/evidence/s2/run1/s2-final-prog.json
 D spikes/cgroup-bpf/evidence/s2/run1/s2-harness-exit-status.txt
 D spikes/cgroup-bpf/evidence/s2/run1/s2-harness.txt
 D spikes/cgroup-bpf/evidence/s2/run1/s2-preflight.txt
 D spikes/cgroup-bpf/evidence/s2/run1/s2-provenance.txt
 D spikes/cgroup-bpf/evidence/s2/run1/s2-run-exit-status.txt
 D spikes/cgroup-bpf/evidence/s2/run1/s2-topology.txt
 D spikes/cgroup-bpf/evidence/s2/run2/s2-before-traffic-cookie.json
 D spikes/cgroup-bpf/evidence/s2/run2/s2-before-traffic-counters.json
 D spikes/cgroup-bpf/evidence/s2/run2/s2-before-traffic-denies.json
 D spikes/cgroup-bpf/evidence/s2/run2/s2-before-traffic-diag.json
 D spikes/cgroup-bpf/evidence/s2/run2/s2-before-traffic-staging.json
 D spikes/cgroup-bpf/evidence/s2/run2/s2-before-traffic-tuples.json
 D spikes/cgroup-bpf/evidence/s2/run2/s2-cleanup.txt
 D spikes/cgroup-bpf/evidence/s2/run2/s2-during-link.json
 D spikes/cgroup-bpf/evidence/s2/run2/s2-during-map.json
 D spikes/cgroup-bpf/evidence/s2/run2/s2-during-prog.json
 D spikes/cgroup-bpf/evidence/s2/run2/s2-during-state.txt
 D spikes/cgroup-bpf/evidence/s2/run2/s2-e0-before-traffic-effective.json
 D spikes/cgroup-bpf/evidence/s2/run2/s2-e0-cgroup-direct.json
 D spikes/cgroup-bpf/evidence/s2/run2/s2-e0-cgroup-effective.json
 D spikes/cgroup-bpf/evidence/s2/run2/s2-e1-before-traffic-effective.json
 D spikes/cgroup-bpf/evidence/s2/run2/s2-e1-cgroup-direct.json
 D spikes/cgroup-bpf/evidence/s2/run2/s2-e1-cgroup-effective.json
 D spikes/cgroup-bpf/evidence/s2/run2/s2-e2-before-traffic-effective.json
 D spikes/cgroup-bpf/evidence/s2/run2/s2-e2-cgroup-direct.json
 D spikes/cgroup-bpf/evidence/s2/run2/s2-e2-cgroup-effective.json
 D spikes/cgroup-bpf/evidence/s2/run2/s2-e3-before-traffic-effective.json
 D spikes/cgroup-bpf/evidence/s2/run2/s2-e3-cgroup-direct.json
 D spikes/cgroup-bpf/evidence/s2/run2/s2-e3-cgroup-effective.json
 D spikes/cgroup-bpf/evidence/s2/run2/s2-final-link.json
 D spikes/cgroup-bpf/evidence/s2/run2/s2-final-prog.json
 D spikes/cgroup-bpf/evidence/s2/run2/s2-harness-exit-status.txt
 D spikes/cgroup-bpf/evidence/s2/run2/s2-harness.txt
 D spikes/cgroup-bpf/evidence/s2/run2/s2-membership.txt
 D spikes/cgroup-bpf/evidence/s2/run2/s2-preflight.txt
 D spikes/cgroup-bpf/evidence/s2/run2/s2-provenance.txt
 D spikes/cgroup-bpf/evidence/s2/run2/s2-run-exit-status.txt
 D spikes/cgroup-bpf/evidence/s2/run2/s2-topology.txt
 D spikes/cgroup-bpf/evidence/s3/fin-old/s1-before-connection-cookie.json
 D spikes/cgroup-bpf/evidence/s3/fin-old/s1-before-connection-counters.json
 D spikes/cgroup-bpf/evidence/s3/fin-old/s1-before-connection-denies.json
 D spikes/cgroup-bpf/evidence/s3/fin-old/s1-before-connection-diag.json
 D spikes/cgroup-bpf/evidence/s3/fin-old/s1-before-connection-effective.json
 D spikes/cgroup-bpf/evidence/s3/fin-old/s1-before-connection-link.json
 D spikes/cgroup-bpf/evidence/s3/fin-old/s1-before-connection-map.json
 D spikes/cgroup-bpf/evidence/s3/fin-old/s1-before-connection-port-diag.json
 D spikes/cgroup-bpf/evidence/s3/fin-old/s1-before-connection-prog.json
 D spikes/cgroup-bpf/evidence/s3/fin-old/s1-before-connection-tuples.json
 D spikes/cgroup-bpf/evidence/s3/fin-old/s1-cleanup.txt
 D spikes/cgroup-bpf/evidence/s3/fin-old/s1-during-cgroup-direct.json
 D spikes/cgroup-bpf/evidence/s3/fin-old/s1-during-cgroup-effective.json
 D spikes/cgroup-bpf/evidence/s3/fin-old/s1-during-link.json
 D spikes/cgroup-bpf/evidence/s3/fin-old/s1-during-map.json
 D spikes/cgroup-bpf/evidence/s3/fin-old/s1-during-prog.json
 D spikes/cgroup-bpf/evidence/s3/fin-old/s1-during-state.txt
 D spikes/cgroup-bpf/evidence/s3/fin-old/s1-final-link.json
 D spikes/cgroup-bpf/evidence/s3/fin-old/s1-final-prog.json
 D spikes/cgroup-bpf/evidence/s3/fin-old/s1-harness-exit-status.txt
 D spikes/cgroup-bpf/evidence/s3/fin-old/s1-harness.txt
 D spikes/cgroup-bpf/evidence/s3/fin-old/s1-host-placement.txt
 D spikes/cgroup-bpf/evidence/s3/fin-old/s1-membership.txt
 D spikes/cgroup-bpf/evidence/s3/fin-old/s1-port-contract.txt
 D spikes/cgroup-bpf/evidence/s3/fin-old/s1-preflight.txt
 D spikes/cgroup-bpf/evidence/s3/fin-old/s1-provenance.txt
 D spikes/cgroup-bpf/evidence/s3/fin-old/s1-run-exit-status.txt
 D spikes/cgroup-bpf/evidence/s3/fin-old/s1-topology.txt
 D spikes/cgroup-bpf/evidence/s3/process-kill/s1-before-connection-cookie.json
 D spikes/cgroup-bpf/evidence/s3/process-kill/s1-before-connection-counters.json
 D spikes/cgroup-bpf/evidence/s3/process-kill/s1-before-connection-denies.json
 D spikes/cgroup-bpf/evidence/s3/process-kill/s1-before-connection-diag.json
 D spikes/cgroup-bpf/evidence/s3/process-kill/s1-before-connection-effective.json
 D spikes/cgroup-bpf/evidence/s3/process-kill/s1-before-connection-link.json
 D spikes/cgroup-bpf/evidence/s3/process-kill/s1-before-connection-map.json
 D spikes/cgroup-bpf/evidence/s3/process-kill/s1-before-connection-port-diag.json
 D spikes/cgroup-bpf/evidence/s3/process-kill/s1-before-connection-prog.json
 D spikes/cgroup-bpf/evidence/s3/process-kill/s1-before-connection-tuples.json
 D spikes/cgroup-bpf/evidence/s3/process-kill/s1-cleanup.txt
 D spikes/cgroup-bpf/evidence/s3/process-kill/s1-during-cgroup-direct.json
 D spikes/cgroup-bpf/evidence/s3/process-kill/s1-during-cgroup-effective.json
 D spikes/cgroup-bpf/evidence/s3/process-kill/s1-during-link.json
 D spikes/cgroup-bpf/evidence/s3/process-kill/s1-during-map.json
 D spikes/cgroup-bpf/evidence/s3/process-kill/s1-during-prog.json
 D spikes/cgroup-bpf/evidence/s3/process-kill/s1-during-state.txt
 D spikes/cgroup-bpf/evidence/s3/process-kill/s1-final-link.json
 D spikes/cgroup-bpf/evidence/s3/process-kill/s1-final-prog.json
 D spikes/cgroup-bpf/evidence/s3/process-kill/s1-harness-exit-status.txt
 D spikes/cgroup-bpf/evidence/s3/process-kill/s1-harness.txt
 D spikes/cgroup-bpf/evidence/s3/process-kill/s1-host-placement.txt
 D spikes/cgroup-bpf/evidence/s3/process-kill/s1-membership.txt
 D spikes/cgroup-bpf/evidence/s3/process-kill/s1-port-contract.txt
 D spikes/cgroup-bpf/evidence/s3/process-kill/s1-preflight.txt
 D spikes/cgroup-bpf/evidence/s3/process-kill/s1-provenance.txt
 D spikes/cgroup-bpf/evidence/s3/process-kill/s1-run-exit-status.txt
 D spikes/cgroup-bpf/evidence/s3/process-kill/s1-topology.txt
 D spikes/cgroup-bpf/evidence/s3/process-kill/s3-expected-runner-status.txt
 D spikes/cgroup-bpf/evidence/s3/rst-new/s1-before-connection-cookie.json
 D spikes/cgroup-bpf/evidence/s3/rst-new/s1-before-connection-counters.json
 D spikes/cgroup-bpf/evidence/s3/rst-new/s1-before-connection-denies.json
 D spikes/cgroup-bpf/evidence/s3/rst-new/s1-before-connection-diag.json
 D spikes/cgroup-bpf/evidence/s3/rst-new/s1-before-connection-effective.json
 D spikes/cgroup-bpf/evidence/s3/rst-new/s1-before-connection-link.json
 D spikes/cgroup-bpf/evidence/s3/rst-new/s1-before-connection-map.json
 D spikes/cgroup-bpf/evidence/s3/rst-new/s1-before-connection-port-diag.json
 D spikes/cgroup-bpf/evidence/s3/rst-new/s1-before-connection-prog.json
 D spikes/cgroup-bpf/evidence/s3/rst-new/s1-before-connection-tuples.json
 D spikes/cgroup-bpf/evidence/s3/rst-new/s1-cleanup.txt
 D spikes/cgroup-bpf/evidence/s3/rst-new/s1-during-cgroup-direct.json
 D spikes/cgroup-bpf/evidence/s3/rst-new/s1-during-cgroup-effective.json
 D spikes/cgroup-bpf/evidence/s3/rst-new/s1-during-link.json
 D spikes/cgroup-bpf/evidence/s3/rst-new/s1-during-map.json
 D spikes/cgroup-bpf/evidence/s3/rst-new/s1-during-prog.json
 D spikes/cgroup-bpf/evidence/s3/rst-new/s1-during-state.txt
 D spikes/cgroup-bpf/evidence/s3/rst-new/s1-final-link.json
 D spikes/cgroup-bpf/evidence/s3/rst-new/s1-final-prog.json
 D spikes/cgroup-bpf/evidence/s3/rst-new/s1-harness-exit-status.txt
 D spikes/cgroup-bpf/evidence/s3/rst-new/s1-harness.txt
 D spikes/cgroup-bpf/evidence/s3/rst-new/s1-host-placement.txt
 D spikes/cgroup-bpf/evidence/s3/rst-new/s1-membership.txt
 D spikes/cgroup-bpf/evidence/s3/rst-new/s1-port-contract.txt
 D spikes/cgroup-bpf/evidence/s3/rst-new/s1-preflight.txt
 D spikes/cgroup-bpf/evidence/s3/rst-new/s1-provenance.txt
 D spikes/cgroup-bpf/evidence/s3/rst-new/s1-run-exit-status.txt
 D spikes/cgroup-bpf/evidence/s3/rst-new/s1-topology.txt
 D spikes/cgroup-bpf/evidence/s3/s3-cleanup.txt
 D spikes/cgroup-bpf/evidence/s3/s3-preflight.txt
 D spikes/cgroup-bpf/evidence/s3/s3-summary.txt
 D spikes/cgroup-bpf/evidence/s4/run2/s4-baseline-bpffs.txt
 D spikes/cgroup-bpf/evidence/s4/run2/s4-baseline-link.json
 D spikes/cgroup-bpf/evidence/s4/run2/s4-baseline-map.json
 D spikes/cgroup-bpf/evidence/s4/run2/s4-baseline-prog.json
 D spikes/cgroup-bpf/evidence/s4/run2/s4-cleanup.txt
 D spikes/cgroup-bpf/evidence/s4/run2/s4-final-link.json
 D spikes/cgroup-bpf/evidence/s4/run2/s4-final-prog.json
 D spikes/cgroup-bpf/evidence/s4/run2/s4-harness-exit-status.txt
 D spikes/cgroup-bpf/evidence/s4/run2/s4-harness.txt
 D spikes/cgroup-bpf/evidence/s4/run2/s4-membership.txt
 D spikes/cgroup-bpf/evidence/s4/run2/s4-nft-after.json
 D spikes/cgroup-bpf/evidence/s4/run2/s4-nft-after.txt
 D spikes/cgroup-bpf/evidence/s4/run2/s4-nft-before.json
 D spikes/cgroup-bpf/evidence/s4/run2/s4-nft-before.txt
 D spikes/cgroup-bpf/evidence/s4/run2/s4-nft-during.json
 D spikes/cgroup-bpf/evidence/s4/run2/s4-nft-during.txt
 D spikes/cgroup-bpf/evidence/s4/run2/s4-nft-phase-c.txt
 D spikes/cgroup-bpf/evidence/s4/run2/s4-nft-relaxation.txt
 D spikes/cgroup-bpf/evidence/s4/run2/s4-nft-restoration.txt
 D spikes/cgroup-bpf/evidence/s4/run2/s4-phase-a-bpffs.txt
 D spikes/cgroup-bpf/evidence/s4/run2/s4-phase-a-cgroup-direct.json
 D spikes/cgroup-bpf/evidence/s4/run2/s4-phase-a-cgroup-effective.json
 D spikes/cgroup-bpf/evidence/s4/run2/s4-phase-a-link.json
 D spikes/cgroup-bpf/evidence/s4/run2/s4-phase-a-map.json
 D spikes/cgroup-bpf/evidence/s4/run2/s4-phase-a-prog.json
 D spikes/cgroup-bpf/evidence/s4/run2/s4-phase-b-before-counters.json
 D spikes/cgroup-bpf/evidence/s4/run2/s4-phase-b-before-denies.json
 D spikes/cgroup-bpf/evidence/s4/run2/s4-phase-b-before-diag.json
 D spikes/cgroup-bpf/evidence/s4/run2/s4-phase-b-cgroup-direct.json
 D spikes/cgroup-bpf/evidence/s4/run2/s4-phase-b-cgroup-effective.json
 D spikes/cgroup-bpf/evidence/s4/run2/s4-phase-b-link.json
 D spikes/cgroup-bpf/evidence/s4/run2/s4-phase-b-map.json
 D spikes/cgroup-bpf/evidence/s4/run2/s4-phase-b-prog.json
 D spikes/cgroup-bpf/evidence/s4/run2/s4-phase-c-cgroup-direct.json
 D spikes/cgroup-bpf/evidence/s4/run2/s4-phase-c-cgroup-effective.json
 D spikes/cgroup-bpf/evidence/s4/run2/s4-phase-c-link.json
 D spikes/cgroup-bpf/evidence/s4/run2/s4-phase-c-map.json
 D spikes/cgroup-bpf/evidence/s4/run2/s4-phase-c-prog.json
 D spikes/cgroup-bpf/evidence/s4/run2/s4-preflight.txt
 D spikes/cgroup-bpf/evidence/s4/run2/s4-provenance.txt
 D spikes/cgroup-bpf/evidence/s4/run2/s4-run-exit-status.txt
 D spikes/cgroup-bpf/evidence/s4/run2/s4-summary.txt
 D spikes/cgroup-bpf/evidence/s4/run2/s4-topology.txt
 D spikes/cgroup-bpf/evidence/s4/setup-failed-1/s4-baseline-bpffs.txt
 D spikes/cgroup-bpf/evidence/s4/setup-failed-1/s4-baseline-link.json
 D spikes/cgroup-bpf/evidence/s4/setup-failed-1/s4-baseline-map.json
 D spikes/cgroup-bpf/evidence/s4/setup-failed-1/s4-baseline-prog.json
 D spikes/cgroup-bpf/evidence/s4/setup-failed-1/s4-cleanup.txt
 D spikes/cgroup-bpf/evidence/s4/setup-failed-1/s4-final-link.json
 D spikes/cgroup-bpf/evidence/s4/setup-failed-1/s4-final-prog.json
 D spikes/cgroup-bpf/evidence/s4/setup-failed-1/s4-harness-exit-status.txt
 D spikes/cgroup-bpf/evidence/s4/setup-failed-1/s4-harness.txt
 D spikes/cgroup-bpf/evidence/s4/setup-failed-1/s4-membership.txt
 D spikes/cgroup-bpf/evidence/s4/setup-failed-1/s4-nft-after.json
 D spikes/cgroup-bpf/evidence/s4/setup-failed-1/s4-nft-after.txt
 D spikes/cgroup-bpf/evidence/s4/setup-failed-1/s4-nft-before.json
 D spikes/cgroup-bpf/evidence/s4/setup-failed-1/s4-nft-before.txt
 D spikes/cgroup-bpf/evidence/s4/setup-failed-1/s4-nft-during.json
 D spikes/cgroup-bpf/evidence/s4/setup-failed-1/s4-nft-during.txt
 D spikes/cgroup-bpf/evidence/s4/setup-failed-1/s4-nft-phase-c.txt
 D spikes/cgroup-bpf/evidence/s4/setup-failed-1/s4-nft-relaxation.txt
 D spikes/cgroup-bpf/evidence/s4/setup-failed-1/s4-nft-restoration.txt
 D spikes/cgroup-bpf/evidence/s4/setup-failed-1/s4-phase-a-bpffs.txt
 D spikes/cgroup-bpf/evidence/s4/setup-failed-1/s4-phase-a-cgroup-direct.json
 D spikes/cgroup-bpf/evidence/s4/setup-failed-1/s4-phase-a-cgroup-effective.json
 D spikes/cgroup-bpf/evidence/s4/setup-failed-1/s4-phase-a-link.json
 D spikes/cgroup-bpf/evidence/s4/setup-failed-1/s4-phase-a-map.json
 D spikes/cgroup-bpf/evidence/s4/setup-failed-1/s4-phase-a-prog.json
 D spikes/cgroup-bpf/evidence/s4/setup-failed-1/s4-phase-b-before-counters.json
 D spikes/cgroup-bpf/evidence/s4/setup-failed-1/s4-phase-b-before-denies.json
 D spikes/cgroup-bpf/evidence/s4/setup-failed-1/s4-phase-b-before-diag.json
 D spikes/cgroup-bpf/evidence/s4/setup-failed-1/s4-phase-b-cgroup-direct.json
 D spikes/cgroup-bpf/evidence/s4/setup-failed-1/s4-phase-b-cgroup-effective.json
 D spikes/cgroup-bpf/evidence/s4/setup-failed-1/s4-phase-b-link.json
 D spikes/cgroup-bpf/evidence/s4/setup-failed-1/s4-phase-b-map.json
 D spikes/cgroup-bpf/evidence/s4/setup-failed-1/s4-phase-b-prog.json
 D spikes/cgroup-bpf/evidence/s4/setup-failed-1/s4-phase-c-cgroup-direct.json
 D spikes/cgroup-bpf/evidence/s4/setup-failed-1/s4-phase-c-cgroup-effective.json
 D spikes/cgroup-bpf/evidence/s4/setup-failed-1/s4-phase-c-link.json
 D spikes/cgroup-bpf/evidence/s4/setup-failed-1/s4-phase-c-map.json
 D spikes/cgroup-bpf/evidence/s4/setup-failed-1/s4-phase-c-prog.json
 D spikes/cgroup-bpf/evidence/s4/setup-failed-1/s4-preflight.txt
 D spikes/cgroup-bpf/evidence/s4/setup-failed-1/s4-provenance.txt
 D spikes/cgroup-bpf/evidence/s4/setup-failed-1/s4-run-exit-status.txt
 D spikes/cgroup-bpf/evidence/s4/setup-failed-1/s4-topology.txt
 D spikes/cgroup-bpf/evidence/s5/run3/s5-baseline-bpffs.txt
 D spikes/cgroup-bpf/evidence/s5/run3/s5-baseline-link.json
 D spikes/cgroup-bpf/evidence/s5/run3/s5-baseline-map.json
 D spikes/cgroup-bpf/evidence/s5/run3/s5-baseline-prog.json
 D spikes/cgroup-bpf/evidence/s5/run3/s5-cleanup.txt
 D spikes/cgroup-bpf/evidence/s5/run3/s5-final-link.json
 D spikes/cgroup-bpf/evidence/s5/run3/s5-final-map.json
 D spikes/cgroup-bpf/evidence/s5/run3/s5-final-prog.json
 D spikes/cgroup-bpf/evidence/s5/run3/s5-harness-exit-status.txt
 D spikes/cgroup-bpf/evidence/s5/run3/s5-harness.txt
 D spikes/cgroup-bpf/evidence/s5/run3/s5-preflight.txt
 D spikes/cgroup-bpf/evidence/s5/run3/s5-provenance.txt
 D spikes/cgroup-bpf/evidence/s5/run3/s5-run-exit-status.txt
 D spikes/cgroup-bpf/evidence/s5/run3/s5-summary.txt
 D spikes/cgroup-bpf/evidence/s5/run3/s5-topology.txt
 D spikes/cgroup-bpf/evidence/s5/setup-failed-1/s5-baseline-bpffs.txt
 D spikes/cgroup-bpf/evidence/s5/setup-failed-1/s5-baseline-link.json
 D spikes/cgroup-bpf/evidence/s5/setup-failed-1/s5-baseline-map.json
 D spikes/cgroup-bpf/evidence/s5/setup-failed-1/s5-baseline-prog.json
 D spikes/cgroup-bpf/evidence/s5/setup-failed-1/s5-cleanup.txt
 D spikes/cgroup-bpf/evidence/s5/setup-failed-1/s5-final-link.json
 D spikes/cgroup-bpf/evidence/s5/setup-failed-1/s5-final-map.json
 D spikes/cgroup-bpf/evidence/s5/setup-failed-1/s5-final-prog.json
 D spikes/cgroup-bpf/evidence/s5/setup-failed-1/s5-harness-exit-status.txt
 D spikes/cgroup-bpf/evidence/s5/setup-failed-1/s5-harness.txt
 D spikes/cgroup-bpf/evidence/s5/setup-failed-1/s5-preflight.txt
 D spikes/cgroup-bpf/evidence/s5/setup-failed-1/s5-provenance.txt
 D spikes/cgroup-bpf/evidence/s5/setup-failed-1/s5-run-exit-status.txt
 D spikes/cgroup-bpf/evidence/s5/setup-failed-1/s5-topology.txt
 D spikes/cgroup-bpf/evidence/s5/setup-failed-2/s5-baseline-bpffs.txt
 D spikes/cgroup-bpf/evidence/s5/setup-failed-2/s5-baseline-link.json
 D spikes/cgroup-bpf/evidence/s5/setup-failed-2/s5-baseline-map.json
 D spikes/cgroup-bpf/evidence/s5/setup-failed-2/s5-baseline-prog.json
 D spikes/cgroup-bpf/evidence/s5/setup-failed-2/s5-cleanup.txt
 D spikes/cgroup-bpf/evidence/s5/setup-failed-2/s5-final-link.json
 D spikes/cgroup-bpf/evidence/s5/setup-failed-2/s5-final-map.json
 D spikes/cgroup-bpf/evidence/s5/setup-failed-2/s5-final-prog.json
 D spikes/cgroup-bpf/evidence/s5/setup-failed-2/s5-harness-exit-status.txt
 D spikes/cgroup-bpf/evidence/s5/setup-failed-2/s5-harness.txt
 D spikes/cgroup-bpf/evidence/s5/setup-failed-2/s5-preflight.txt
 D spikes/cgroup-bpf/evidence/s5/setup-failed-2/s5-provenance.txt
 D spikes/cgroup-bpf/evidence/s5/setup-failed-2/s5-run-exit-status.txt
 D spikes/cgroup-bpf/evidence/s5/setup-failed-2/s5-topology.txt
 D spikes/cgroup-bpf/evidence/s6/s6-baseline-bpffs.txt
 D spikes/cgroup-bpf/evidence/s6/s6-baseline-link.json
 D spikes/cgroup-bpf/evidence/s6/s6-baseline-map.json
 D spikes/cgroup-bpf/evidence/s6/s6-baseline-prog.json
 D spikes/cgroup-bpf/evidence/s6/s6-cleanup.txt
 D spikes/cgroup-bpf/evidence/s6/s6-enforcement-layer-table.md
 D spikes/cgroup-bpf/evidence/s6/s6-evidence-index.txt
 D spikes/cgroup-bpf/evidence/s6/s6-final-bpffs.txt
 D spikes/cgroup-bpf/evidence/s6/s6-final-link.json
 D spikes/cgroup-bpf/evidence/s6/s6-final-map.json
 D spikes/cgroup-bpf/evidence/s6/s6-final-prog.json
 D spikes/cgroup-bpf/evidence/s6/s6-preflight.txt
 D spikes/cgroup-bpf/evidence/s6/s6-summary.txt
 D spikes/cgroup-bpf/evidence/s7/run2/s7-after-connect4-unpin-agent.txt
 D spikes/cgroup-bpf/evidence/s7/run2/s7-after-connect4-unpin-cgroup-direct.json
 D spikes/cgroup-bpf/evidence/s7/run2/s7-after-connect4-unpin-link.json
 D spikes/cgroup-bpf/evidence/s7/run2/s7-after-connect4-unpin-listener.txt
 D spikes/cgroup-bpf/evidence/s7/run2/s7-after-connect4-unpin-membership.txt
 D spikes/cgroup-bpf/evidence/s7/run2/s7-after-deny-counters.json
 D spikes/cgroup-bpf/evidence/s7/run2/s7-after-deny-denies.json
 D spikes/cgroup-bpf/evidence/s7/run2/s7-after-deny-diag.json
 D spikes/cgroup-bpf/evidence/s7/run2/s7-after-loader-loss-agent.txt
 D spikes/cgroup-bpf/evidence/s7/run2/s7-after-loader-loss-listener.txt
 D spikes/cgroup-bpf/evidence/s7/run2/s7-after-loader-loss-membership.txt
 D spikes/cgroup-bpf/evidence/s7/run2/s7-after-loss-bpffs.txt
 D spikes/cgroup-bpf/evidence/s7/run2/s7-after-loss-cgroup-direct.json
 D spikes/cgroup-bpf/evidence/s7/run2/s7-after-loss-cgroup-effective.json
 D spikes/cgroup-bpf/evidence/s7/run2/s7-after-loss-link.json
 D spikes/cgroup-bpf/evidence/s7/run2/s7-after-loss-map.json
 D spikes/cgroup-bpf/evidence/s7/run2/s7-after-loss-prog.json
 D spikes/cgroup-bpf/evidence/s7/run2/s7-baseline-bpffs.txt
 D spikes/cgroup-bpf/evidence/s7/run2/s7-baseline-link.json
 D spikes/cgroup-bpf/evidence/s7/run2/s7-baseline-map.json
 D spikes/cgroup-bpf/evidence/s7/run2/s7-baseline-prog.json
 D spikes/cgroup-bpf/evidence/s7/run2/s7-before-loss-bpffs.txt
 D spikes/cgroup-bpf/evidence/s7/run2/s7-before-loss-cgroup-direct.json
 D spikes/cgroup-bpf/evidence/s7/run2/s7-before-loss-cgroup-effective.json
 D spikes/cgroup-bpf/evidence/s7/run2/s7-before-loss-link.json
 D spikes/cgroup-bpf/evidence/s7/run2/s7-before-loss-map.json
 D spikes/cgroup-bpf/evidence/s7/run2/s7-before-loss-prog.json
 D spikes/cgroup-bpf/evidence/s7/run2/s7-cleanup.txt
 D spikes/cgroup-bpf/evidence/s7/run2/s7-final-link.json
 D spikes/cgroup-bpf/evidence/s7/run2/s7-final-map.json
 D spikes/cgroup-bpf/evidence/s7/run2/s7-final-prog.json
 D spikes/cgroup-bpf/evidence/s7/run2/s7-loader-exit-status.txt
 D spikes/cgroup-bpf/evidence/s7/run2/s7-loader-loss.txt
 D spikes/cgroup-bpf/evidence/s7/run2/s7-loader.txt
 D spikes/cgroup-bpf/evidence/s7/run2/s7-preflight.txt
 D spikes/cgroup-bpf/evidence/s7/run2/s7-provenance.txt
 D spikes/cgroup-bpf/evidence/s7/run2/s7-run-exit-status.txt
 D spikes/cgroup-bpf/evidence/s7/run2/s7-summary.txt
 D spikes/cgroup-bpf/evidence/s7/run2/s7-topology.txt
 D spikes/cgroup-bpf/evidence/s7/setup-validation-failed-1/s7-after-connect4-unpin-agent.txt
 D spikes/cgroup-bpf/evidence/s7/setup-validation-failed-1/s7-after-connect4-unpin-cgroup-direct.json
 D spikes/cgroup-bpf/evidence/s7/setup-validation-failed-1/s7-after-connect4-unpin-link.json
 D spikes/cgroup-bpf/evidence/s7/setup-validation-failed-1/s7-after-connect4-unpin-listener.txt
 D spikes/cgroup-bpf/evidence/s7/setup-validation-failed-1/s7-after-connect4-unpin-membership.txt
 D spikes/cgroup-bpf/evidence/s7/setup-validation-failed-1/s7-after-deny-counters.json
 D spikes/cgroup-bpf/evidence/s7/setup-validation-failed-1/s7-after-deny-denies.json
 D spikes/cgroup-bpf/evidence/s7/setup-validation-failed-1/s7-after-deny-diag.json
 D spikes/cgroup-bpf/evidence/s7/setup-validation-failed-1/s7-after-loader-loss-agent.txt
 D spikes/cgroup-bpf/evidence/s7/setup-validation-failed-1/s7-after-loader-loss-listener.txt
 D spikes/cgroup-bpf/evidence/s7/setup-validation-failed-1/s7-after-loader-loss-membership.txt
 D spikes/cgroup-bpf/evidence/s7/setup-validation-failed-1/s7-after-loss-bpffs.txt
 D spikes/cgroup-bpf/evidence/s7/setup-validation-failed-1/s7-after-loss-cgroup-direct.json
 D spikes/cgroup-bpf/evidence/s7/setup-validation-failed-1/s7-after-loss-cgroup-effective.json
 D spikes/cgroup-bpf/evidence/s7/setup-validation-failed-1/s7-after-loss-link.json
 D spikes/cgroup-bpf/evidence/s7/setup-validation-failed-1/s7-after-loss-map.json
 D spikes/cgroup-bpf/evidence/s7/setup-validation-failed-1/s7-after-loss-prog.json
 D spikes/cgroup-bpf/evidence/s7/setup-validation-failed-1/s7-baseline-bpffs.txt
 D spikes/cgroup-bpf/evidence/s7/setup-validation-failed-1/s7-baseline-link.json
 D spikes/cgroup-bpf/evidence/s7/setup-validation-failed-1/s7-baseline-map.json
 D spikes/cgroup-bpf/evidence/s7/setup-validation-failed-1/s7-baseline-prog.json
 D spikes/cgroup-bpf/evidence/s7/setup-validation-failed-1/s7-before-loss-bpffs.txt
 D spikes/cgroup-bpf/evidence/s7/setup-validation-failed-1/s7-before-loss-cgroup-direct.json
 D spikes/cgroup-bpf/evidence/s7/setup-validation-failed-1/s7-before-loss-cgroup-effective.json
 D spikes/cgroup-bpf/evidence/s7/setup-validation-failed-1/s7-before-loss-link.json
 D spikes/cgroup-bpf/evidence/s7/setup-validation-failed-1/s7-before-loss-map.json
 D spikes/cgroup-bpf/evidence/s7/setup-validation-failed-1/s7-before-loss-prog.json
 D spikes/cgroup-bpf/evidence/s7/setup-validation-failed-1/s7-cleanup.txt
 D spikes/cgroup-bpf/evidence/s7/setup-validation-failed-1/s7-final-link.json
 D spikes/cgroup-bpf/evidence/s7/setup-validation-failed-1/s7-final-map.json
 D spikes/cgroup-bpf/evidence/s7/setup-validation-failed-1/s7-final-prog.json
 D spikes/cgroup-bpf/evidence/s7/setup-validation-failed-1/s7-loader-exit-status.txt
 D spikes/cgroup-bpf/evidence/s7/setup-validation-failed-1/s7-loader-loss.txt
 D spikes/cgroup-bpf/evidence/s7/setup-validation-failed-1/s7-loader.txt
 D spikes/cgroup-bpf/evidence/s7/setup-validation-failed-1/s7-preflight.txt
 D spikes/cgroup-bpf/evidence/s7/setup-validation-failed-1/s7-provenance.txt
 D spikes/cgroup-bpf/evidence/s7/setup-validation-failed-1/s7-run-exit-status.txt
 D spikes/cgroup-bpf/evidence/s7/setup-validation-failed-1/s7-summary.txt
 D spikes/cgroup-bpf/evidence/s7/setup-validation-failed-1/s7-topology.txt
 D spikes/cgroup-bpf/evidence/s8/after-fix-run1/s8-baseline-bpffs.txt
 D spikes/cgroup-bpf/evidence/s8/after-fix-run1/s8-baseline-link.json
 D spikes/cgroup-bpf/evidence/s8/after-fix-run1/s8-baseline-map.json
 D spikes/cgroup-bpf/evidence/s8/after-fix-run1/s8-baseline-nft.txt
 D spikes/cgroup-bpf/evidence/s8/after-fix-run1/s8-baseline-prog.json
 D spikes/cgroup-bpf/evidence/s8/after-fix-run1/s8-before-helper-loss.txt
 D spikes/cgroup-bpf/evidence/s8/after-fix-run1/s8-before-traffic-bpf-link.json
 D spikes/cgroup-bpf/evidence/s8/after-fix-run1/s8-before-traffic-bpffs.txt
 D spikes/cgroup-bpf/evidence/s8/after-fix-run1/s8-before-traffic-cgroup-bpf.txt
 D spikes/cgroup-bpf/evidence/s8/after-fix-run1/s8-before-traffic-cgroups.txt
 D spikes/cgroup-bpf/evidence/s8/after-fix-run1/s8-before-traffic-links.txt
 D spikes/cgroup-bpf/evidence/s8/after-fix-run1/s8-before-traffic-map.json
 D spikes/cgroup-bpf/evidence/s8/after-fix-run1/s8-before-traffic-membership.txt
 D spikes/cgroup-bpf/evidence/s8/after-fix-run1/s8-before-traffic-netns.txt
 D spikes/cgroup-bpf/evidence/s8/after-fix-run1/s8-before-traffic-nft.txt
 D spikes/cgroup-bpf/evidence/s8/after-fix-run1/s8-before-traffic-prog.json
 D spikes/cgroup-bpf/evidence/s8/after-fix-run1/s8-before-traffic-state-files.txt
 D spikes/cgroup-bpf/evidence/s8/after-fix-run1/s8-cleanup.txt
 D spikes/cgroup-bpf/evidence/s8/after-fix-run1/s8-existing-http-curl.txt
 D spikes/cgroup-bpf/evidence/s8/after-fix-run1/s8-existing-http-headers.txt
 D spikes/cgroup-bpf/evidence/s8/after-fix-run1/s8-existing-http-status.txt
 D spikes/cgroup-bpf/evidence/s8/after-fix-run1/s8-existing-tunnel-curl.txt
 D spikes/cgroup-bpf/evidence/s8/after-fix-run1/s8-existing-tunnel-headers.txt
 D spikes/cgroup-bpf/evidence/s8/after-fix-run1/s8-existing-tunnel-status.txt
 D spikes/cgroup-bpf/evidence/s8/after-fix-run1/s8-final-bpffs.txt
 D spikes/cgroup-bpf/evidence/s8/after-fix-run1/s8-final-link.json
 D spikes/cgroup-bpf/evidence/s8/after-fix-run1/s8-final-map.json
 D spikes/cgroup-bpf/evidence/s8/after-fix-run1/s8-final-prog.json
 D spikes/cgroup-bpf/evidence/s8/after-fix-run1/s8-live-pre-loss-bpf-link.json
 D spikes/cgroup-bpf/evidence/s8/after-fix-run1/s8-live-pre-loss-bpffs.txt
 D spikes/cgroup-bpf/evidence/s8/after-fix-run1/s8-live-pre-loss-cgroup-bpf.txt
 D spikes/cgroup-bpf/evidence/s8/after-fix-run1/s8-live-pre-loss-cgroups.txt
 D spikes/cgroup-bpf/evidence/s8/after-fix-run1/s8-live-pre-loss-links.txt
 D spikes/cgroup-bpf/evidence/s8/after-fix-run1/s8-live-pre-loss-map.json
 D spikes/cgroup-bpf/evidence/s8/after-fix-run1/s8-live-pre-loss-netns.txt
 D spikes/cgroup-bpf/evidence/s8/after-fix-run1/s8-live-pre-loss-nft.txt
 D spikes/cgroup-bpf/evidence/s8/after-fix-run1/s8-live-pre-loss-prog.json
 D spikes/cgroup-bpf/evidence/s8/after-fix-run1/s8-live-pre-loss-state-files.txt
 D spikes/cgroup-bpf/evidence/s8/after-fix-run1/s8-post-loss-tunnel-curl.txt
 D spikes/cgroup-bpf/evidence/s8/after-fix-run1/s8-post-loss-tunnel-headers.txt
 D spikes/cgroup-bpf/evidence/s8/after-fix-run1/s8-post-loss-tunnel-status.txt
 D spikes/cgroup-bpf/evidence/s8/after-fix-run1/s8-preflight.txt
 D spikes/cgroup-bpf/evidence/s8/after-fix-run1/s8-provenance.txt
 D spikes/cgroup-bpf/evidence/s8/after-fix-run1/s8-run-exit-status.txt
 D spikes/cgroup-bpf/evidence/s8/after-fix-run1/s8-runtime-before-traffic.txt
 D spikes/cgroup-bpf/evidence/s8/after-fix-run1/s8-scratch-cleanup.txt
 D spikes/cgroup-bpf/evidence/s8/after-fix-run1/s8-systemd-run.txt
 D spikes/cgroup-bpf/evidence/s8/after-fix-run1/s8-upstream-443.txt
 D spikes/cgroup-bpf/evidence/s8/after-fix-run1/s8-upstream-444.txt
 D spikes/cgroup-bpf/evidence/s8/after-fix-run2/s8-after-autonomous-detection-bpf-link.json
 D spikes/cgroup-bpf/evidence/s8/after-fix-run2/s8-after-autonomous-detection-bpffs.txt
 D spikes/cgroup-bpf/evidence/s8/after-fix-run2/s8-after-autonomous-detection-cgroup-bpf.txt
 D spikes/cgroup-bpf/evidence/s8/after-fix-run2/s8-after-autonomous-detection-cgroups.txt
 D spikes/cgroup-bpf/evidence/s8/after-fix-run2/s8-after-autonomous-detection-links.txt
 D spikes/cgroup-bpf/evidence/s8/after-fix-run2/s8-after-autonomous-detection-map.json
 D spikes/cgroup-bpf/evidence/s8/after-fix-run2/s8-after-autonomous-detection-netns.txt
 D spikes/cgroup-bpf/evidence/s8/after-fix-run2/s8-after-autonomous-detection-nft.txt
 D spikes/cgroup-bpf/evidence/s8/after-fix-run2/s8-after-autonomous-detection-prog.json
 D spikes/cgroup-bpf/evidence/s8/after-fix-run2/s8-after-autonomous-detection-state-files.txt
 D spikes/cgroup-bpf/evidence/s8/after-fix-run2/s8-after-autonomous-detection.txt
 D spikes/cgroup-bpf/evidence/s8/after-fix-run2/s8-after-observation.txt
 D spikes/cgroup-bpf/evidence/s8/after-fix-run2/s8-after-restart-sweep-bpf-link.json
 D spikes/cgroup-bpf/evidence/s8/after-fix-run2/s8-after-restart-sweep-bpffs.txt
 D spikes/cgroup-bpf/evidence/s8/after-fix-run2/s8-after-restart-sweep-cgroup-bpf.txt
 D spikes/cgroup-bpf/evidence/s8/after-fix-run2/s8-after-restart-sweep-cgroups.txt
 D spikes/cgroup-bpf/evidence/s8/after-fix-run2/s8-after-restart-sweep-links.txt
 D spikes/cgroup-bpf/evidence/s8/after-fix-run2/s8-after-restart-sweep-map.json
 D spikes/cgroup-bpf/evidence/s8/after-fix-run2/s8-after-restart-sweep-netns.txt
 D spikes/cgroup-bpf/evidence/s8/after-fix-run2/s8-after-restart-sweep-nft.txt
 D spikes/cgroup-bpf/evidence/s8/after-fix-run2/s8-after-restart-sweep-prog.json
 D spikes/cgroup-bpf/evidence/s8/after-fix-run2/s8-after-restart-sweep-state-files.txt
 D spikes/cgroup-bpf/evidence/s8/after-fix-run2/s8-after-runtime-exit-bpf-link.json
 D spikes/cgroup-bpf/evidence/s8/after-fix-run2/s8-after-runtime-exit-bpffs.txt
 D spikes/cgroup-bpf/evidence/s8/after-fix-run2/s8-after-runtime-exit-cgroup-bpf.txt
 D spikes/cgroup-bpf/evidence/s8/after-fix-run2/s8-after-runtime-exit-cgroups.txt
 D spikes/cgroup-bpf/evidence/s8/after-fix-run2/s8-after-runtime-exit-links.txt
 D spikes/cgroup-bpf/evidence/s8/after-fix-run2/s8-after-runtime-exit-map.json
 D spikes/cgroup-bpf/evidence/s8/after-fix-run2/s8-after-runtime-exit-netns.txt
 D spikes/cgroup-bpf/evidence/s8/after-fix-run2/s8-after-runtime-exit-nft.txt
 D spikes/cgroup-bpf/evidence/s8/after-fix-run2/s8-after-runtime-exit-prog.json
 D spikes/cgroup-bpf/evidence/s8/after-fix-run2/s8-after-runtime-exit-state-files.txt
 D spikes/cgroup-bpf/evidence/s8/after-fix-run2/s8-baseline-bpffs.txt
 D spikes/cgroup-bpf/evidence/s8/after-fix-run2/s8-baseline-link.json
 D spikes/cgroup-bpf/evidence/s8/after-fix-run2/s8-baseline-map.json
 D spikes/cgroup-bpf/evidence/s8/after-fix-run2/s8-baseline-nft.txt
 D spikes/cgroup-bpf/evidence/s8/after-fix-run2/s8-baseline-prog.json
 D spikes/cgroup-bpf/evidence/s8/after-fix-run2/s8-before-helper-loss.txt
 D spikes/cgroup-bpf/evidence/s8/after-fix-run2/s8-before-traffic-bpf-link.json
 D spikes/cgroup-bpf/evidence/s8/after-fix-run2/s8-before-traffic-bpffs.txt
 D spikes/cgroup-bpf/evidence/s8/after-fix-run2/s8-before-traffic-cgroup-bpf.txt
 D spikes/cgroup-bpf/evidence/s8/after-fix-run2/s8-before-traffic-cgroups.txt
 D spikes/cgroup-bpf/evidence/s8/after-fix-run2/s8-before-traffic-links.txt
 D spikes/cgroup-bpf/evidence/s8/after-fix-run2/s8-before-traffic-map.json
 D spikes/cgroup-bpf/evidence/s8/after-fix-run2/s8-before-traffic-membership.txt
 D spikes/cgroup-bpf/evidence/s8/after-fix-run2/s8-before-traffic-netns.txt
 D spikes/cgroup-bpf/evidence/s8/after-fix-run2/s8-before-traffic-nft.txt
 D spikes/cgroup-bpf/evidence/s8/after-fix-run2/s8-before-traffic-prog.json
 D spikes/cgroup-bpf/evidence/s8/after-fix-run2/s8-before-traffic-state-files.txt
 D spikes/cgroup-bpf/evidence/s8/after-fix-run2/s8-cleanup.txt
 D spikes/cgroup-bpf/evidence/s8/after-fix-run2/s8-existing-http-curl-exit-status.txt
 D spikes/cgroup-bpf/evidence/s8/after-fix-run2/s8-existing-http-curl.txt
 D spikes/cgroup-bpf/evidence/s8/after-fix-run2/s8-existing-http-headers.txt
 D spikes/cgroup-bpf/evidence/s8/after-fix-run2/s8-existing-http-status.txt
 D spikes/cgroup-bpf/evidence/s8/after-fix-run2/s8-existing-tunnel-curl-exit-status.txt
 D spikes/cgroup-bpf/evidence/s8/after-fix-run2/s8-existing-tunnel-curl.txt
 D spikes/cgroup-bpf/evidence/s8/after-fix-run2/s8-existing-tunnel-headers.txt
 D spikes/cgroup-bpf/evidence/s8/after-fix-run2/s8-existing-tunnel-status.txt
 D spikes/cgroup-bpf/evidence/s8/after-fix-run2/s8-final-bpffs.txt
 D spikes/cgroup-bpf/evidence/s8/after-fix-run2/s8-final-link.json
 D spikes/cgroup-bpf/evidence/s8/after-fix-run2/s8-final-map.json
 D spikes/cgroup-bpf/evidence/s8/after-fix-run2/s8-final-prog.json
 D spikes/cgroup-bpf/evidence/s8/after-fix-run2/s8-live-pre-loss-bpf-link.json
 D spikes/cgroup-bpf/evidence/s8/after-fix-run2/s8-live-pre-loss-bpffs.txt
 D spikes/cgroup-bpf/evidence/s8/after-fix-run2/s8-live-pre-loss-cgroup-bpf.txt
 D spikes/cgroup-bpf/evidence/s8/after-fix-run2/s8-live-pre-loss-cgroups.txt
 D spikes/cgroup-bpf/evidence/s8/after-fix-run2/s8-live-pre-loss-links.txt
 D spikes/cgroup-bpf/evidence/s8/after-fix-run2/s8-live-pre-loss-map.json
 D spikes/cgroup-bpf/evidence/s8/after-fix-run2/s8-live-pre-loss-netns.txt
 D spikes/cgroup-bpf/evidence/s8/after-fix-run2/s8-live-pre-loss-nft.txt
 D spikes/cgroup-bpf/evidence/s8/after-fix-run2/s8-live-pre-loss-prog.json
 D spikes/cgroup-bpf/evidence/s8/after-fix-run2/s8-live-pre-loss-state-files.txt
 D spikes/cgroup-bpf/evidence/s8/after-fix-run2/s8-post-detection-admission-curl.txt
 D spikes/cgroup-bpf/evidence/s8/after-fix-run2/s8-post-detection-admission-exit-status.txt
 D spikes/cgroup-bpf/evidence/s8/after-fix-run2/s8-post-detection-admission-status.txt
 D spikes/cgroup-bpf/evidence/s8/after-fix-run2/s8-post-loss-tunnel-curl-exit-status.txt
 D spikes/cgroup-bpf/evidence/s8/after-fix-run2/s8-post-loss-tunnel-curl.txt
 D spikes/cgroup-bpf/evidence/s8/after-fix-run2/s8-post-loss-tunnel-headers.txt
 D spikes/cgroup-bpf/evidence/s8/after-fix-run2/s8-post-loss-tunnel-status.txt
 D spikes/cgroup-bpf/evidence/s8/after-fix-run2/s8-preflight.txt
 D spikes/cgroup-bpf/evidence/s8/after-fix-run2/s8-provenance.txt
 D spikes/cgroup-bpf/evidence/s8/after-fix-run2/s8-restart-journal.txt
 D spikes/cgroup-bpf/evidence/s8/after-fix-run2/s8-restart-sweep.txt
 D spikes/cgroup-bpf/evidence/s8/after-fix-run2/s8-retained-host-nft.txt
 D spikes/cgroup-bpf/evidence/s8/after-fix-run2/s8-run-exit-status.txt
 D spikes/cgroup-bpf/evidence/s8/after-fix-run2/s8-runtime-before-traffic.txt
 D spikes/cgroup-bpf/evidence/s8/after-fix-run2/s8-scratch-cleanup.txt
 D spikes/cgroup-bpf/evidence/s8/after-fix-run2/s8-summary.txt
 D spikes/cgroup-bpf/evidence/s8/after-fix-run2/s8-systemd-run.txt
 D spikes/cgroup-bpf/evidence/s8/after-fix-run2/s8-upstream-443.txt
 D spikes/cgroup-bpf/evidence/s8/after-fix-run2/s8-upstream-444.txt
 D spikes/cgroup-bpf/evidence/s8/after-fix-run3/s8-baseline-bpffs.txt
 D spikes/cgroup-bpf/evidence/s8/after-fix-run3/s8-baseline-link.json
 D spikes/cgroup-bpf/evidence/s8/after-fix-run3/s8-baseline-map.json
 D spikes/cgroup-bpf/evidence/s8/after-fix-run3/s8-baseline-nft.txt
 D spikes/cgroup-bpf/evidence/s8/after-fix-run3/s8-baseline-prog.json
 D spikes/cgroup-bpf/evidence/s8/after-fix-run3/s8-before-helper-loss.txt
 D spikes/cgroup-bpf/evidence/s8/after-fix-run3/s8-before-traffic-bpf-link.json
 D spikes/cgroup-bpf/evidence/s8/after-fix-run3/s8-before-traffic-bpffs.txt
 D spikes/cgroup-bpf/evidence/s8/after-fix-run3/s8-before-traffic-cgroup-bpf.txt
 D spikes/cgroup-bpf/evidence/s8/after-fix-run3/s8-before-traffic-cgroups.txt
 D spikes/cgroup-bpf/evidence/s8/after-fix-run3/s8-before-traffic-links.txt
 D spikes/cgroup-bpf/evidence/s8/after-fix-run3/s8-before-traffic-map.json
 D spikes/cgroup-bpf/evidence/s8/after-fix-run3/s8-before-traffic-membership.txt
 D spikes/cgroup-bpf/evidence/s8/after-fix-run3/s8-before-traffic-netns.txt
 D spikes/cgroup-bpf/evidence/s8/after-fix-run3/s8-before-traffic-nft.txt
 D spikes/cgroup-bpf/evidence/s8/after-fix-run3/s8-before-traffic-prog.json
 D spikes/cgroup-bpf/evidence/s8/after-fix-run3/s8-before-traffic-state-files.txt
 D spikes/cgroup-bpf/evidence/s8/after-fix-run3/s8-cleanup.txt
 D spikes/cgroup-bpf/evidence/s8/after-fix-run3/s8-existing-http-curl.txt
 D spikes/cgroup-bpf/evidence/s8/after-fix-run3/s8-existing-http-headers.txt
 D spikes/cgroup-bpf/evidence/s8/after-fix-run3/s8-existing-http-status.txt
 D spikes/cgroup-bpf/evidence/s8/after-fix-run3/s8-existing-tunnel-curl.txt
 D spikes/cgroup-bpf/evidence/s8/after-fix-run3/s8-existing-tunnel-headers.txt
 D spikes/cgroup-bpf/evidence/s8/after-fix-run3/s8-existing-tunnel-status.txt
 D spikes/cgroup-bpf/evidence/s8/after-fix-run3/s8-final-bpffs.txt
 D spikes/cgroup-bpf/evidence/s8/after-fix-run3/s8-final-link.json
 D spikes/cgroup-bpf/evidence/s8/after-fix-run3/s8-final-map.json
 D spikes/cgroup-bpf/evidence/s8/after-fix-run3/s8-final-prog.json
 D spikes/cgroup-bpf/evidence/s8/after-fix-run3/s8-live-pre-loss-bpf-link.json
 D spikes/cgroup-bpf/evidence/s8/after-fix-run3/s8-live-pre-loss-bpffs.txt
 D spikes/cgroup-bpf/evidence/s8/after-fix-run3/s8-live-pre-loss-cgroup-bpf.txt
 D spikes/cgroup-bpf/evidence/s8/after-fix-run3/s8-live-pre-loss-cgroups.txt
 D spikes/cgroup-bpf/evidence/s8/after-fix-run3/s8-live-pre-loss-links.txt
 D spikes/cgroup-bpf/evidence/s8/after-fix-run3/s8-live-pre-loss-map.json
 D spikes/cgroup-bpf/evidence/s8/after-fix-run3/s8-live-pre-loss-netns.txt
 D spikes/cgroup-bpf/evidence/s8/after-fix-run3/s8-live-pre-loss-nft.txt
 D spikes/cgroup-bpf/evidence/s8/after-fix-run3/s8-live-pre-loss-prog.json
 D spikes/cgroup-bpf/evidence/s8/after-fix-run3/s8-live-pre-loss-state-files.txt
 D spikes/cgroup-bpf/evidence/s8/after-fix-run3/s8-post-loss-tunnel-curl.txt
 D spikes/cgroup-bpf/evidence/s8/after-fix-run3/s8-post-loss-tunnel-headers.txt
 D spikes/cgroup-bpf/evidence/s8/after-fix-run3/s8-post-loss-tunnel-status.txt
 D spikes/cgroup-bpf/evidence/s8/after-fix-run3/s8-preflight.txt
 D spikes/cgroup-bpf/evidence/s8/after-fix-run3/s8-provenance.txt
 D spikes/cgroup-bpf/evidence/s8/after-fix-run3/s8-run-exit-status.txt
 D spikes/cgroup-bpf/evidence/s8/after-fix-run3/s8-runtime-before-traffic.txt
 D spikes/cgroup-bpf/evidence/s8/after-fix-run3/s8-scratch-cleanup.txt
 D spikes/cgroup-bpf/evidence/s8/after-fix-run3/s8-systemd-run.txt
 D spikes/cgroup-bpf/evidence/s8/after-fix-run3/s8-upstream-443.txt
 D spikes/cgroup-bpf/evidence/s8/after-fix-run3/s8-upstream-444.txt
 D spikes/cgroup-bpf/evidence/s8/after-fix-run4/s8-after-autonomous-detection-bpf-link.json
 D spikes/cgroup-bpf/evidence/s8/after-fix-run4/s8-after-autonomous-detection-bpffs.txt
 D spikes/cgroup-bpf/evidence/s8/after-fix-run4/s8-after-autonomous-detection-cgroup-bpf.txt
 D spikes/cgroup-bpf/evidence/s8/after-fix-run4/s8-after-autonomous-detection-cgroups.txt
 D spikes/cgroup-bpf/evidence/s8/after-fix-run4/s8-after-autonomous-detection-links.txt
 D spikes/cgroup-bpf/evidence/s8/after-fix-run4/s8-after-autonomous-detection-map.json
 D spikes/cgroup-bpf/evidence/s8/after-fix-run4/s8-after-autonomous-detection-netns.txt
 D spikes/cgroup-bpf/evidence/s8/after-fix-run4/s8-after-autonomous-detection-nft.txt
 D spikes/cgroup-bpf/evidence/s8/after-fix-run4/s8-after-autonomous-detection-prog.json
 D spikes/cgroup-bpf/evidence/s8/after-fix-run4/s8-after-autonomous-detection-state-files.txt
 D spikes/cgroup-bpf/evidence/s8/after-fix-run4/s8-after-autonomous-detection.txt
 D spikes/cgroup-bpf/evidence/s8/after-fix-run4/s8-after-observation.txt
 D spikes/cgroup-bpf/evidence/s8/after-fix-run4/s8-after-restart-sweep-bpf-link.json
 D spikes/cgroup-bpf/evidence/s8/after-fix-run4/s8-after-restart-sweep-bpffs.txt
 D spikes/cgroup-bpf/evidence/s8/after-fix-run4/s8-after-restart-sweep-cgroup-bpf.txt
 D spikes/cgroup-bpf/evidence/s8/after-fix-run4/s8-after-restart-sweep-cgroups.txt
 D spikes/cgroup-bpf/evidence/s8/after-fix-run4/s8-after-restart-sweep-links.txt
 D spikes/cgroup-bpf/evidence/s8/after-fix-run4/s8-after-restart-sweep-map.json
 D spikes/cgroup-bpf/evidence/s8/after-fix-run4/s8-after-restart-sweep-netns.txt
 D spikes/cgroup-bpf/evidence/s8/after-fix-run4/s8-after-restart-sweep-nft.txt
 D spikes/cgroup-bpf/evidence/s8/after-fix-run4/s8-after-restart-sweep-prog.json
 D spikes/cgroup-bpf/evidence/s8/after-fix-run4/s8-after-restart-sweep-state-files.txt
 D spikes/cgroup-bpf/evidence/s8/after-fix-run4/s8-after-runtime-exit-bpf-link.json
 D spikes/cgroup-bpf/evidence/s8/after-fix-run4/s8-after-runtime-exit-bpffs.txt
 D spikes/cgroup-bpf/evidence/s8/after-fix-run4/s8-after-runtime-exit-cgroup-bpf.txt
 D spikes/cgroup-bpf/evidence/s8/after-fix-run4/s8-after-runtime-exit-cgroups.txt
 D spikes/cgroup-bpf/evidence/s8/after-fix-run4/s8-after-runtime-exit-links.txt
 D spikes/cgroup-bpf/evidence/s8/after-fix-run4/s8-after-runtime-exit-map.json
 D spikes/cgroup-bpf/evidence/s8/after-fix-run4/s8-after-runtime-exit-netns.txt
 D spikes/cgroup-bpf/evidence/s8/after-fix-run4/s8-after-runtime-exit-nft.txt
 D spikes/cgroup-bpf/evidence/s8/after-fix-run4/s8-after-runtime-exit-prog.json
 D spikes/cgroup-bpf/evidence/s8/after-fix-run4/s8-after-runtime-exit-state-files.txt
 D spikes/cgroup-bpf/evidence/s8/after-fix-run4/s8-baseline-bpffs.txt
 D spikes/cgroup-bpf/evidence/s8/after-fix-run4/s8-baseline-link.json
 D spikes/cgroup-bpf/evidence/s8/after-fix-run4/s8-baseline-map.json
 D spikes/cgroup-bpf/evidence/s8/after-fix-run4/s8-baseline-nft.txt
 D spikes/cgroup-bpf/evidence/s8/after-fix-run4/s8-baseline-prog.json
 D spikes/cgroup-bpf/evidence/s8/after-fix-run4/s8-before-helper-loss.txt
 D spikes/cgroup-bpf/evidence/s8/after-fix-run4/s8-before-traffic-bpf-link.json
 D spikes/cgroup-bpf/evidence/s8/after-fix-run4/s8-before-traffic-bpffs.txt
 D spikes/cgroup-bpf/evidence/s8/after-fix-run4/s8-before-traffic-cgroup-bpf.txt
 D spikes/cgroup-bpf/evidence/s8/after-fix-run4/s8-before-traffic-cgroups.txt
 D spikes/cgroup-bpf/evidence/s8/after-fix-run4/s8-before-traffic-links.txt
 D spikes/cgroup-bpf/evidence/s8/after-fix-run4/s8-before-traffic-map.json
 D spikes/cgroup-bpf/evidence/s8/after-fix-run4/s8-before-traffic-membership.txt
 D spikes/cgroup-bpf/evidence/s8/after-fix-run4/s8-before-traffic-netns.txt
 D spikes/cgroup-bpf/evidence/s8/after-fix-run4/s8-before-traffic-nft.txt
 D spikes/cgroup-bpf/evidence/s8/after-fix-run4/s8-before-traffic-prog.json
 D spikes/cgroup-bpf/evidence/s8/after-fix-run4/s8-before-traffic-state-files.txt
 D spikes/cgroup-bpf/evidence/s8/after-fix-run4/s8-cleanup.txt
 D spikes/cgroup-bpf/evidence/s8/after-fix-run4/s8-existing-http-curl-exit-status.txt
 D spikes/cgroup-bpf/evidence/s8/after-fix-run4/s8-existing-http-curl.txt
 D spikes/cgroup-bpf/evidence/s8/after-fix-run4/s8-existing-http-headers.txt
 D spikes/cgroup-bpf/evidence/s8/after-fix-run4/s8-existing-http-status.txt
 D spikes/cgroup-bpf/evidence/s8/after-fix-run4/s8-existing-tunnel-curl-exit-status.txt
 D spikes/cgroup-bpf/evidence/s8/after-fix-run4/s8-existing-tunnel-curl.txt
 D spikes/cgroup-bpf/evidence/s8/after-fix-run4/s8-existing-tunnel-headers.txt
 D spikes/cgroup-bpf/evidence/s8/after-fix-run4/s8-existing-tunnel-status.txt
 D spikes/cgroup-bpf/evidence/s8/after-fix-run4/s8-final-bpffs.txt
 D spikes/cgroup-bpf/evidence/s8/after-fix-run4/s8-final-link.json
 D spikes/cgroup-bpf/evidence/s8/after-fix-run4/s8-final-map.json
 D spikes/cgroup-bpf/evidence/s8/after-fix-run4/s8-final-prog.json
 D spikes/cgroup-bpf/evidence/s8/after-fix-run4/s8-live-pre-loss-bpf-link.json
 D spikes/cgroup-bpf/evidence/s8/after-fix-run4/s8-live-pre-loss-bpffs.txt
 D spikes/cgroup-bpf/evidence/s8/after-fix-run4/s8-live-pre-loss-cgroup-bpf.txt
 D spikes/cgroup-bpf/evidence/s8/after-fix-run4/s8-live-pre-loss-cgroups.txt
 D spikes/cgroup-bpf/evidence/s8/after-fix-run4/s8-live-pre-loss-links.txt
 D spikes/cgroup-bpf/evidence/s8/after-fix-run4/s8-live-pre-loss-map.json
 D spikes/cgroup-bpf/evidence/s8/after-fix-run4/s8-live-pre-loss-netns.txt
 D spikes/cgroup-bpf/evidence/s8/after-fix-run4/s8-live-pre-loss-nft.txt
 D spikes/cgroup-bpf/evidence/s8/after-fix-run4/s8-live-pre-loss-prog.json
 D spikes/cgroup-bpf/evidence/s8/after-fix-run4/s8-live-pre-loss-state-files.txt
 D spikes/cgroup-bpf/evidence/s8/after-fix-run4/s8-post-detection-admission-curl.txt
 D spikes/cgroup-bpf/evidence/s8/after-fix-run4/s8-post-detection-admission-exit-status.txt
 D spikes/cgroup-bpf/evidence/s8/after-fix-run4/s8-post-detection-admission-status.txt
 D spikes/cgroup-bpf/evidence/s8/after-fix-run4/s8-post-loss-tunnel-curl-exit-status.txt
 D spikes/cgroup-bpf/evidence/s8/after-fix-run4/s8-post-loss-tunnel-curl.txt
 D spikes/cgroup-bpf/evidence/s8/after-fix-run4/s8-post-loss-tunnel-headers.txt
 D spikes/cgroup-bpf/evidence/s8/after-fix-run4/s8-post-loss-tunnel-status.txt
 D spikes/cgroup-bpf/evidence/s8/after-fix-run4/s8-preflight.txt
 D spikes/cgroup-bpf/evidence/s8/after-fix-run4/s8-provenance.txt
 D spikes/cgroup-bpf/evidence/s8/after-fix-run4/s8-restart-journal.txt
 D spikes/cgroup-bpf/evidence/s8/after-fix-run4/s8-restart-sweep.txt
 D spikes/cgroup-bpf/evidence/s8/after-fix-run4/s8-retained-host-nft.txt
 D spikes/cgroup-bpf/evidence/s8/after-fix-run4/s8-run-exit-status.txt
 D spikes/cgroup-bpf/evidence/s8/after-fix-run4/s8-runtime-before-traffic.txt
 D spikes/cgroup-bpf/evidence/s8/after-fix-run4/s8-scratch-cleanup.txt
 D spikes/cgroup-bpf/evidence/s8/after-fix-run4/s8-summary.txt
 D spikes/cgroup-bpf/evidence/s8/after-fix-run4/s8-systemd-run.txt
 D spikes/cgroup-bpf/evidence/s8/after-fix-run4/s8-upstream-443.txt
 D spikes/cgroup-bpf/evidence/s8/after-fix-run4/s8-upstream-444.txt
 D spikes/cgroup-bpf/evidence/s8/after-fix-run5/s8-after-autonomous-detection-bpf-link.json
 D spikes/cgroup-bpf/evidence/s8/after-fix-run5/s8-after-autonomous-detection-bpffs.txt
 D spikes/cgroup-bpf/evidence/s8/after-fix-run5/s8-after-autonomous-detection-cgroup-bpf.txt
 D spikes/cgroup-bpf/evidence/s8/after-fix-run5/s8-after-autonomous-detection-cgroups.txt
 D spikes/cgroup-bpf/evidence/s8/after-fix-run5/s8-after-autonomous-detection-links.txt
 D spikes/cgroup-bpf/evidence/s8/after-fix-run5/s8-after-autonomous-detection-map.json
 D spikes/cgroup-bpf/evidence/s8/after-fix-run5/s8-after-autonomous-detection-netns.txt
 D spikes/cgroup-bpf/evidence/s8/after-fix-run5/s8-after-autonomous-detection-nft.txt
 D spikes/cgroup-bpf/evidence/s8/after-fix-run5/s8-after-autonomous-detection-prog.json
 D spikes/cgroup-bpf/evidence/s8/after-fix-run5/s8-after-autonomous-detection-state-files.txt
 D spikes/cgroup-bpf/evidence/s8/after-fix-run5/s8-after-autonomous-detection.txt
 D spikes/cgroup-bpf/evidence/s8/after-fix-run5/s8-after-observation.txt
 D spikes/cgroup-bpf/evidence/s8/after-fix-run5/s8-after-restart-sweep-bpf-link.json
 D spikes/cgroup-bpf/evidence/s8/after-fix-run5/s8-after-restart-sweep-bpffs.txt
 D spikes/cgroup-bpf/evidence/s8/after-fix-run5/s8-after-restart-sweep-cgroup-bpf.txt
 D spikes/cgroup-bpf/evidence/s8/after-fix-run5/s8-after-restart-sweep-cgroups.txt
 D spikes/cgroup-bpf/evidence/s8/after-fix-run5/s8-after-restart-sweep-links.txt
 D spikes/cgroup-bpf/evidence/s8/after-fix-run5/s8-after-restart-sweep-map.json
 D spikes/cgroup-bpf/evidence/s8/after-fix-run5/s8-after-restart-sweep-netns.txt
 D spikes/cgroup-bpf/evidence/s8/after-fix-run5/s8-after-restart-sweep-nft.txt
 D spikes/cgroup-bpf/evidence/s8/after-fix-run5/s8-after-restart-sweep-prog.json
 D spikes/cgroup-bpf/evidence/s8/after-fix-run5/s8-after-restart-sweep-state-files.txt
 D spikes/cgroup-bpf/evidence/s8/after-fix-run5/s8-after-runtime-exit-bpf-link.json
 D spikes/cgroup-bpf/evidence/s8/after-fix-run5/s8-after-runtime-exit-bpffs.txt
 D spikes/cgroup-bpf/evidence/s8/after-fix-run5/s8-after-runtime-exit-cgroup-bpf.txt
 D spikes/cgroup-bpf/evidence/s8/after-fix-run5/s8-after-runtime-exit-cgroups.txt
 D spikes/cgroup-bpf/evidence/s8/after-fix-run5/s8-after-runtime-exit-links.txt
 D spikes/cgroup-bpf/evidence/s8/after-fix-run5/s8-after-runtime-exit-map.json
 D spikes/cgroup-bpf/evidence/s8/after-fix-run5/s8-after-runtime-exit-netns.txt
 D spikes/cgroup-bpf/evidence/s8/after-fix-run5/s8-after-runtime-exit-nft.txt
 D spikes/cgroup-bpf/evidence/s8/after-fix-run5/s8-after-runtime-exit-prog.json
 D spikes/cgroup-bpf/evidence/s8/after-fix-run5/s8-after-runtime-exit-state-files.txt
 D spikes/cgroup-bpf/evidence/s8/after-fix-run5/s8-baseline-bpffs.txt
 D spikes/cgroup-bpf/evidence/s8/after-fix-run5/s8-baseline-link.json
 D spikes/cgroup-bpf/evidence/s8/after-fix-run5/s8-baseline-map.json
 D spikes/cgroup-bpf/evidence/s8/after-fix-run5/s8-baseline-nft.txt
 D spikes/cgroup-bpf/evidence/s8/after-fix-run5/s8-baseline-prog.json
 D spikes/cgroup-bpf/evidence/s8/after-fix-run5/s8-before-helper-loss.txt
 D spikes/cgroup-bpf/evidence/s8/after-fix-run5/s8-before-traffic-bpf-link.json
 D spikes/cgroup-bpf/evidence/s8/after-fix-run5/s8-before-traffic-bpffs.txt
 D spikes/cgroup-bpf/evidence/s8/after-fix-run5/s8-before-traffic-cgroup-bpf.txt
 D spikes/cgroup-bpf/evidence/s8/after-fix-run5/s8-before-traffic-cgroups.txt
 D spikes/cgroup-bpf/evidence/s8/after-fix-run5/s8-before-traffic-links.txt
 D spikes/cgroup-bpf/evidence/s8/after-fix-run5/s8-before-traffic-map.json
 D spikes/cgroup-bpf/evidence/s8/after-fix-run5/s8-before-traffic-membership.txt
 D spikes/cgroup-bpf/evidence/s8/after-fix-run5/s8-before-traffic-netns.txt
 D spikes/cgroup-bpf/evidence/s8/after-fix-run5/s8-before-traffic-nft.txt
 D spikes/cgroup-bpf/evidence/s8/after-fix-run5/s8-before-traffic-prog.json
 D spikes/cgroup-bpf/evidence/s8/after-fix-run5/s8-before-traffic-state-files.txt
 D spikes/cgroup-bpf/evidence/s8/after-fix-run5/s8-cleanup.txt
 D spikes/cgroup-bpf/evidence/s8/after-fix-run5/s8-existing-http-curl-exit-status.txt
 D spikes/cgroup-bpf/evidence/s8/after-fix-run5/s8-existing-http-curl.txt
 D spikes/cgroup-bpf/evidence/s8/after-fix-run5/s8-existing-http-headers.txt
 D spikes/cgroup-bpf/evidence/s8/after-fix-run5/s8-existing-http-status.txt
 D spikes/cgroup-bpf/evidence/s8/after-fix-run5/s8-existing-tunnel-curl-exit-status.txt
 D spikes/cgroup-bpf/evidence/s8/after-fix-run5/s8-existing-tunnel-curl.txt
 D spikes/cgroup-bpf/evidence/s8/after-fix-run5/s8-existing-tunnel-headers.txt
 D spikes/cgroup-bpf/evidence/s8/after-fix-run5/s8-existing-tunnel-status.txt
 D spikes/cgroup-bpf/evidence/s8/after-fix-run5/s8-final-bpffs.txt
 D spikes/cgroup-bpf/evidence/s8/after-fix-run5/s8-final-link.json
 D spikes/cgroup-bpf/evidence/s8/after-fix-run5/s8-final-map.json
 D spikes/cgroup-bpf/evidence/s8/after-fix-run5/s8-final-prog.json
 D spikes/cgroup-bpf/evidence/s8/after-fix-run5/s8-live-pre-loss-bpf-link.json
 D spikes/cgroup-bpf/evidence/s8/after-fix-run5/s8-live-pre-loss-bpffs.txt
 D spikes/cgroup-bpf/evidence/s8/after-fix-run5/s8-live-pre-loss-cgroup-bpf.txt
 D spikes/cgroup-bpf/evidence/s8/after-fix-run5/s8-live-pre-loss-cgroups.txt
 D spikes/cgroup-bpf/evidence/s8/after-fix-run5/s8-live-pre-loss-links.txt
 D spikes/cgroup-bpf/evidence/s8/after-fix-run5/s8-live-pre-loss-map.json
 D spikes/cgroup-bpf/evidence/s8/after-fix-run5/s8-live-pre-loss-netns.txt
 D spikes/cgroup-bpf/evidence/s8/after-fix-run5/s8-live-pre-loss-nft.txt
 D spikes/cgroup-bpf/evidence/s8/after-fix-run5/s8-live-pre-loss-prog.json
 D spikes/cgroup-bpf/evidence/s8/after-fix-run5/s8-live-pre-loss-state-files.txt
 D spikes/cgroup-bpf/evidence/s8/after-fix-run5/s8-post-detection-admission-curl.txt
 D spikes/cgroup-bpf/evidence/s8/after-fix-run5/s8-post-detection-admission-exit-status.txt
 D spikes/cgroup-bpf/evidence/s8/after-fix-run5/s8-post-detection-admission-status.txt
 D spikes/cgroup-bpf/evidence/s8/after-fix-run5/s8-post-loss-tunnel-curl-exit-status.txt
 D spikes/cgroup-bpf/evidence/s8/after-fix-run5/s8-post-loss-tunnel-curl.txt
 D spikes/cgroup-bpf/evidence/s8/after-fix-run5/s8-post-loss-tunnel-headers.txt
 D spikes/cgroup-bpf/evidence/s8/after-fix-run5/s8-post-loss-tunnel-status.txt
 D spikes/cgroup-bpf/evidence/s8/after-fix-run5/s8-preflight.txt
 D spikes/cgroup-bpf/evidence/s8/after-fix-run5/s8-provenance.txt
 D spikes/cgroup-bpf/evidence/s8/after-fix-run5/s8-restart-journal.txt
 D spikes/cgroup-bpf/evidence/s8/after-fix-run5/s8-restart-sweep.txt
 D spikes/cgroup-bpf/evidence/s8/after-fix-run5/s8-retained-host-nft.txt
 D spikes/cgroup-bpf/evidence/s8/after-fix-run5/s8-run-exit-status.txt
 D spikes/cgroup-bpf/evidence/s8/after-fix-run5/s8-runtime-before-traffic.txt
 D spikes/cgroup-bpf/evidence/s8/after-fix-run5/s8-scratch-cleanup.txt
 D spikes/cgroup-bpf/evidence/s8/after-fix-run5/s8-summary.txt
 D spikes/cgroup-bpf/evidence/s8/after-fix-run5/s8-systemd-run.txt
 D spikes/cgroup-bpf/evidence/s8/after-fix-run5/s8-upstream-443.txt
 D spikes/cgroup-bpf/evidence/s8/after-fix-run5/s8-upstream-444.txt
 D spikes/cgroup-bpf/evidence/s8/after-fix-run6/s8-after-autonomous-detection-bpf-link.json
 D spikes/cgroup-bpf/evidence/s8/after-fix-run6/s8-after-autonomous-detection-bpffs.txt
 D spikes/cgroup-bpf/evidence/s8/after-fix-run6/s8-after-autonomous-detection-cgroup-bpf.txt
 D spikes/cgroup-bpf/evidence/s8/after-fix-run6/s8-after-autonomous-detection-cgroups.txt
 D spikes/cgroup-bpf/evidence/s8/after-fix-run6/s8-after-autonomous-detection-links.txt
 D spikes/cgroup-bpf/evidence/s8/after-fix-run6/s8-after-autonomous-detection-map.json
 D spikes/cgroup-bpf/evidence/s8/after-fix-run6/s8-after-autonomous-detection-netns.txt
 D spikes/cgroup-bpf/evidence/s8/after-fix-run6/s8-after-autonomous-detection-nft.txt
 D spikes/cgroup-bpf/evidence/s8/after-fix-run6/s8-after-autonomous-detection-prog.json
 D spikes/cgroup-bpf/evidence/s8/after-fix-run6/s8-after-autonomous-detection-state-files.txt
 D spikes/cgroup-bpf/evidence/s8/after-fix-run6/s8-after-autonomous-detection.txt
 D spikes/cgroup-bpf/evidence/s8/after-fix-run6/s8-after-observation.txt
 D spikes/cgroup-bpf/evidence/s8/after-fix-run6/s8-after-restart-sweep-bpf-link.json
 D spikes/cgroup-bpf/evidence/s8/after-fix-run6/s8-after-restart-sweep-bpffs.txt
 D spikes/cgroup-bpf/evidence/s8/after-fix-run6/s8-after-restart-sweep-cgroup-bpf.txt
 D spikes/cgroup-bpf/evidence/s8/after-fix-run6/s8-after-restart-sweep-cgroups.txt
 D spikes/cgroup-bpf/evidence/s8/after-fix-run6/s8-after-restart-sweep-links.txt
 D spikes/cgroup-bpf/evidence/s8/after-fix-run6/s8-after-restart-sweep-map.json
 D spikes/cgroup-bpf/evidence/s8/after-fix-run6/s8-after-restart-sweep-netns.txt
 D spikes/cgroup-bpf/evidence/s8/after-fix-run6/s8-after-restart-sweep-nft.txt
 D spikes/cgroup-bpf/evidence/s8/after-fix-run6/s8-after-restart-sweep-prog.json
 D spikes/cgroup-bpf/evidence/s8/after-fix-run6/s8-after-restart-sweep-state-files.txt
 D spikes/cgroup-bpf/evidence/s8/after-fix-run6/s8-after-runtime-exit-bpf-link.json
 D spikes/cgroup-bpf/evidence/s8/after-fix-run6/s8-after-runtime-exit-bpffs.txt
 D spikes/cgroup-bpf/evidence/s8/after-fix-run6/s8-after-runtime-exit-cgroup-bpf.txt
 D spikes/cgroup-bpf/evidence/s8/after-fix-run6/s8-after-runtime-exit-cgroups.txt
 D spikes/cgroup-bpf/evidence/s8/after-fix-run6/s8-after-runtime-exit-links.txt
 D spikes/cgroup-bpf/evidence/s8/after-fix-run6/s8-after-runtime-exit-map.json
 D spikes/cgroup-bpf/evidence/s8/after-fix-run6/s8-after-runtime-exit-netns.txt
 D spikes/cgroup-bpf/evidence/s8/after-fix-run6/s8-after-runtime-exit-nft.txt
 D spikes/cgroup-bpf/evidence/s8/after-fix-run6/s8-after-runtime-exit-prog.json
 D spikes/cgroup-bpf/evidence/s8/after-fix-run6/s8-after-runtime-exit-state-files.txt
 D spikes/cgroup-bpf/evidence/s8/after-fix-run6/s8-baseline-bpffs.txt
 D spikes/cgroup-bpf/evidence/s8/after-fix-run6/s8-baseline-link.json
 D spikes/cgroup-bpf/evidence/s8/after-fix-run6/s8-baseline-map.json
 D spikes/cgroup-bpf/evidence/s8/after-fix-run6/s8-baseline-nft.txt
 D spikes/cgroup-bpf/evidence/s8/after-fix-run6/s8-baseline-prog.json
 D spikes/cgroup-bpf/evidence/s8/after-fix-run6/s8-before-helper-loss.txt
 D spikes/cgroup-bpf/evidence/s8/after-fix-run6/s8-before-traffic-bpf-link.json
 D spikes/cgroup-bpf/evidence/s8/after-fix-run6/s8-before-traffic-bpffs.txt
 D spikes/cgroup-bpf/evidence/s8/after-fix-run6/s8-before-traffic-cgroup-bpf.txt
 D spikes/cgroup-bpf/evidence/s8/after-fix-run6/s8-before-traffic-cgroups.txt
 D spikes/cgroup-bpf/evidence/s8/after-fix-run6/s8-before-traffic-links.txt
 D spikes/cgroup-bpf/evidence/s8/after-fix-run6/s8-before-traffic-map.json
 D spikes/cgroup-bpf/evidence/s8/after-fix-run6/s8-before-traffic-membership.txt
 D spikes/cgroup-bpf/evidence/s8/after-fix-run6/s8-before-traffic-netns.txt
 D spikes/cgroup-bpf/evidence/s8/after-fix-run6/s8-before-traffic-nft.txt
 D spikes/cgroup-bpf/evidence/s8/after-fix-run6/s8-before-traffic-prog.json
 D spikes/cgroup-bpf/evidence/s8/after-fix-run6/s8-before-traffic-state-files.txt
 D spikes/cgroup-bpf/evidence/s8/after-fix-run6/s8-cleanup.txt
 D spikes/cgroup-bpf/evidence/s8/after-fix-run6/s8-existing-http-curl-exit-status.txt
 D spikes/cgroup-bpf/evidence/s8/after-fix-run6/s8-existing-http-curl.txt
 D spikes/cgroup-bpf/evidence/s8/after-fix-run6/s8-existing-http-headers.txt
 D spikes/cgroup-bpf/evidence/s8/after-fix-run6/s8-existing-http-status.txt
 D spikes/cgroup-bpf/evidence/s8/after-fix-run6/s8-existing-tunnel-curl-exit-status.txt
 D spikes/cgroup-bpf/evidence/s8/after-fix-run6/s8-existing-tunnel-curl.txt
 D spikes/cgroup-bpf/evidence/s8/after-fix-run6/s8-existing-tunnel-headers.txt
 D spikes/cgroup-bpf/evidence/s8/after-fix-run6/s8-existing-tunnel-status.txt
 D spikes/cgroup-bpf/evidence/s8/after-fix-run6/s8-final-bpffs.txt
 D spikes/cgroup-bpf/evidence/s8/after-fix-run6/s8-final-link.json
 D spikes/cgroup-bpf/evidence/s8/after-fix-run6/s8-final-map.json
 D spikes/cgroup-bpf/evidence/s8/after-fix-run6/s8-final-prog.json
 D spikes/cgroup-bpf/evidence/s8/after-fix-run6/s8-live-pre-loss-bpf-link.json
 D spikes/cgroup-bpf/evidence/s8/after-fix-run6/s8-live-pre-loss-bpffs.txt
 D spikes/cgroup-bpf/evidence/s8/after-fix-run6/s8-live-pre-loss-cgroup-bpf.txt
 D spikes/cgroup-bpf/evidence/s8/after-fix-run6/s8-live-pre-loss-cgroups.txt
 D spikes/cgroup-bpf/evidence/s8/after-fix-run6/s8-live-pre-loss-links.txt
 D spikes/cgroup-bpf/evidence/s8/after-fix-run6/s8-live-pre-loss-map.json
 D spikes/cgroup-bpf/evidence/s8/after-fix-run6/s8-live-pre-loss-netns.txt
 D spikes/cgroup-bpf/evidence/s8/after-fix-run6/s8-live-pre-loss-nft.txt
 D spikes/cgroup-bpf/evidence/s8/after-fix-run6/s8-live-pre-loss-prog.json
 D spikes/cgroup-bpf/evidence/s8/after-fix-run6/s8-live-pre-loss-state-files.txt
 D spikes/cgroup-bpf/evidence/s8/after-fix-run6/s8-post-detection-admission-curl.txt
 D spikes/cgroup-bpf/evidence/s8/after-fix-run6/s8-post-detection-admission-exit-status.txt
 D spikes/cgroup-bpf/evidence/s8/after-fix-run6/s8-post-detection-admission-status.txt
 D spikes/cgroup-bpf/evidence/s8/after-fix-run6/s8-post-loss-tunnel-curl-exit-status.txt
 D spikes/cgroup-bpf/evidence/s8/after-fix-run6/s8-post-loss-tunnel-curl.txt
 D spikes/cgroup-bpf/evidence/s8/after-fix-run6/s8-post-loss-tunnel-headers.txt
 D spikes/cgroup-bpf/evidence/s8/after-fix-run6/s8-post-loss-tunnel-status.txt
 D spikes/cgroup-bpf/evidence/s8/after-fix-run6/s8-preflight.txt
 D spikes/cgroup-bpf/evidence/s8/after-fix-run6/s8-provenance.txt
 D spikes/cgroup-bpf/evidence/s8/after-fix-run6/s8-restart-journal.txt
 D spikes/cgroup-bpf/evidence/s8/after-fix-run6/s8-restart-sweep.txt
 D spikes/cgroup-bpf/evidence/s8/after-fix-run6/s8-retained-host-nft.txt
 D spikes/cgroup-bpf/evidence/s8/after-fix-run6/s8-run-exit-status.txt
 D spikes/cgroup-bpf/evidence/s8/after-fix-run6/s8-runtime-before-traffic.txt
 D spikes/cgroup-bpf/evidence/s8/after-fix-run6/s8-scratch-cleanup.txt
 D spikes/cgroup-bpf/evidence/s8/after-fix-run6/s8-summary.txt
 D spikes/cgroup-bpf/evidence/s8/after-fix-run6/s8-systemd-run.txt
 D spikes/cgroup-bpf/evidence/s8/after-fix-run6/s8-upstream-443.txt
 D spikes/cgroup-bpf/evidence/s8/after-fix-run6/s8-upstream-444.txt
 D spikes/cgroup-bpf/evidence/s8/run1/s8-after-detection-bpf-link.json
 D spikes/cgroup-bpf/evidence/s8/run1/s8-after-detection-bpffs.txt
 D spikes/cgroup-bpf/evidence/s8/run1/s8-after-detection-cgroup-bpf.txt
 D spikes/cgroup-bpf/evidence/s8/run1/s8-after-detection-cgroups.txt
 D spikes/cgroup-bpf/evidence/s8/run1/s8-after-detection-links.txt
 D spikes/cgroup-bpf/evidence/s8/run1/s8-after-detection-map.json
 D spikes/cgroup-bpf/evidence/s8/run1/s8-after-detection-netns.txt
 D spikes/cgroup-bpf/evidence/s8/run1/s8-after-detection-nft.txt
 D spikes/cgroup-bpf/evidence/s8/run1/s8-after-detection-prog.json
 D spikes/cgroup-bpf/evidence/s8/run1/s8-after-detection-state-files.txt
 D spikes/cgroup-bpf/evidence/s8/run1/s8-after-detection.txt
 D spikes/cgroup-bpf/evidence/s8/run1/s8-after-restart-sweep-bpf-link.json
 D spikes/cgroup-bpf/evidence/s8/run1/s8-after-restart-sweep-bpffs.txt
 D spikes/cgroup-bpf/evidence/s8/run1/s8-after-restart-sweep-cgroup-bpf.txt
 D spikes/cgroup-bpf/evidence/s8/run1/s8-after-restart-sweep-cgroups.txt
 D spikes/cgroup-bpf/evidence/s8/run1/s8-after-restart-sweep-links.txt
 D spikes/cgroup-bpf/evidence/s8/run1/s8-after-restart-sweep-map.json
 D spikes/cgroup-bpf/evidence/s8/run1/s8-after-restart-sweep-netns.txt
 D spikes/cgroup-bpf/evidence/s8/run1/s8-after-restart-sweep-nft.txt
 D spikes/cgroup-bpf/evidence/s8/run1/s8-after-restart-sweep-prog.json
 D spikes/cgroup-bpf/evidence/s8/run1/s8-after-restart-sweep-state-files.txt
 D spikes/cgroup-bpf/evidence/s8/run1/s8-after-runtime-exit-bpf-link.json
 D spikes/cgroup-bpf/evidence/s8/run1/s8-after-runtime-exit-bpffs.txt
 D spikes/cgroup-bpf/evidence/s8/run1/s8-after-runtime-exit-cgroup-bpf.txt
 D spikes/cgroup-bpf/evidence/s8/run1/s8-after-runtime-exit-cgroups.txt
 D spikes/cgroup-bpf/evidence/s8/run1/s8-after-runtime-exit-links.txt
 D spikes/cgroup-bpf/evidence/s8/run1/s8-after-runtime-exit-map.json
 D spikes/cgroup-bpf/evidence/s8/run1/s8-after-runtime-exit-netns.txt
 D spikes/cgroup-bpf/evidence/s8/run1/s8-after-runtime-exit-nft.txt
 D spikes/cgroup-bpf/evidence/s8/run1/s8-after-runtime-exit-prog.json
 D spikes/cgroup-bpf/evidence/s8/run1/s8-after-runtime-exit-state-files.txt
 D spikes/cgroup-bpf/evidence/s8/run1/s8-after-runtime-exit.txt
 D spikes/cgroup-bpf/evidence/s8/run1/s8-baseline-bpffs.txt
 D spikes/cgroup-bpf/evidence/s8/run1/s8-baseline-link.json
 D spikes/cgroup-bpf/evidence/s8/run1/s8-baseline-map.json
 D spikes/cgroup-bpf/evidence/s8/run1/s8-baseline-nft.txt
 D spikes/cgroup-bpf/evidence/s8/run1/s8-baseline-prog.json
 D spikes/cgroup-bpf/evidence/s8/run1/s8-before-helper-loss.txt
 D spikes/cgroup-bpf/evidence/s8/run1/s8-before-traffic-bpf-link.json
 D spikes/cgroup-bpf/evidence/s8/run1/s8-before-traffic-bpffs.txt
 D spikes/cgroup-bpf/evidence/s8/run1/s8-before-traffic-cgroup-bpf.txt
 D spikes/cgroup-bpf/evidence/s8/run1/s8-before-traffic-cgroups.txt
 D spikes/cgroup-bpf/evidence/s8/run1/s8-before-traffic-links.txt
 D spikes/cgroup-bpf/evidence/s8/run1/s8-before-traffic-map.json
 D spikes/cgroup-bpf/evidence/s8/run1/s8-before-traffic-membership.txt
 D spikes/cgroup-bpf/evidence/s8/run1/s8-before-traffic-netns.txt
 D spikes/cgroup-bpf/evidence/s8/run1/s8-before-traffic-nft.txt
 D spikes/cgroup-bpf/evidence/s8/run1/s8-before-traffic-prog.json
 D spikes/cgroup-bpf/evidence/s8/run1/s8-before-traffic-state-files.txt
 D spikes/cgroup-bpf/evidence/s8/run1/s8-cleanup.txt
 D spikes/cgroup-bpf/evidence/s8/run1/s8-existing-http-body.txt
 D spikes/cgroup-bpf/evidence/s8/run1/s8-existing-http-curl.txt
 D spikes/cgroup-bpf/evidence/s8/run1/s8-existing-http-headers.txt
 D spikes/cgroup-bpf/evidence/s8/run1/s8-existing-http-status.txt
 D spikes/cgroup-bpf/evidence/s8/run1/s8-existing-tunnel-body.txt
 D spikes/cgroup-bpf/evidence/s8/run1/s8-existing-tunnel-curl.txt
 D spikes/cgroup-bpf/evidence/s8/run1/s8-existing-tunnel-headers.txt
 D spikes/cgroup-bpf/evidence/s8/run1/s8-existing-tunnel-status.txt
 D spikes/cgroup-bpf/evidence/s8/run1/s8-final-bpffs.txt
 D spikes/cgroup-bpf/evidence/s8/run1/s8-final-link.json
 D spikes/cgroup-bpf/evidence/s8/run1/s8-final-map.json
 D spikes/cgroup-bpf/evidence/s8/run1/s8-final-prog.json
 D spikes/cgroup-bpf/evidence/s8/run1/s8-live-pre-loss-bpf-link.json
 D spikes/cgroup-bpf/evidence/s8/run1/s8-live-pre-loss-bpffs.txt
 D spikes/cgroup-bpf/evidence/s8/run1/s8-live-pre-loss-cgroup-bpf.txt
 D spikes/cgroup-bpf/evidence/s8/run1/s8-live-pre-loss-cgroups.txt
 D spikes/cgroup-bpf/evidence/s8/run1/s8-live-pre-loss-links.txt
 D spikes/cgroup-bpf/evidence/s8/run1/s8-live-pre-loss-map.json
 D spikes/cgroup-bpf/evidence/s8/run1/s8-live-pre-loss-netns.txt
 D spikes/cgroup-bpf/evidence/s8/run1/s8-live-pre-loss-nft.txt
 D spikes/cgroup-bpf/evidence/s8/run1/s8-live-pre-loss-prog.json
 D spikes/cgroup-bpf/evidence/s8/run1/s8-live-pre-loss-state-files.txt
 D spikes/cgroup-bpf/evidence/s8/run1/s8-post-detection-admission-curl.txt
 D spikes/cgroup-bpf/evidence/s8/run1/s8-post-detection-admission-exit-status.txt
 D spikes/cgroup-bpf/evidence/s8/run1/s8-post-detection-admission-status.txt
 D spikes/cgroup-bpf/evidence/s8/run1/s8-post-loss-effects-bpf-link.json
 D spikes/cgroup-bpf/evidence/s8/run1/s8-post-loss-effects-bpffs.txt
 D spikes/cgroup-bpf/evidence/s8/run1/s8-post-loss-effects-cgroup-bpf.txt
 D spikes/cgroup-bpf/evidence/s8/run1/s8-post-loss-effects-cgroups.txt
 D spikes/cgroup-bpf/evidence/s8/run1/s8-post-loss-effects-links.txt
 D spikes/cgroup-bpf/evidence/s8/run1/s8-post-loss-effects-map.json
 D spikes/cgroup-bpf/evidence/s8/run1/s8-post-loss-effects-netns.txt
 D spikes/cgroup-bpf/evidence/s8/run1/s8-post-loss-effects-nft.txt
 D spikes/cgroup-bpf/evidence/s8/run1/s8-post-loss-effects-prog.json
 D spikes/cgroup-bpf/evidence/s8/run1/s8-post-loss-effects-state-files.txt
 D spikes/cgroup-bpf/evidence/s8/run1/s8-post-loss-effects.txt
 D spikes/cgroup-bpf/evidence/s8/run1/s8-post-loss-tunnel-body.txt
 D spikes/cgroup-bpf/evidence/s8/run1/s8-post-loss-tunnel-curl.txt
 D spikes/cgroup-bpf/evidence/s8/run1/s8-post-loss-tunnel-headers.txt
 D spikes/cgroup-bpf/evidence/s8/run1/s8-post-loss-tunnel-status.txt
 D spikes/cgroup-bpf/evidence/s8/run1/s8-preflight.txt
 D spikes/cgroup-bpf/evidence/s8/run1/s8-provenance.txt
 D spikes/cgroup-bpf/evidence/s8/run1/s8-restart-journal.txt
 D spikes/cgroup-bpf/evidence/s8/run1/s8-restart-sweep.txt
 D spikes/cgroup-bpf/evidence/s8/run1/s8-run-exit-status.txt
 D spikes/cgroup-bpf/evidence/s8/run1/s8-runtime-before-traffic.txt
 D spikes/cgroup-bpf/evidence/s8/run1/s8-summary.txt
 D spikes/cgroup-bpf/evidence/s8/run1/s8-systemd-run.txt
 D spikes/cgroup-bpf/evidence/s8/run1/s8-trigger-body.txt
 D spikes/cgroup-bpf/evidence/s8/run1/s8-trigger-curl-exit-status.txt
 D spikes/cgroup-bpf/evidence/s8/run1/s8-trigger-curl.txt
 D spikes/cgroup-bpf/evidence/s8/run1/s8-trigger-headers.txt
 D spikes/cgroup-bpf/evidence/s8/run1/s8-trigger-status.txt
 D spikes/cgroup-bpf/evidence/s8/run1/s8-undetected-loss-bpf-link.json
 D spikes/cgroup-bpf/evidence/s8/run1/s8-undetected-loss-bpffs.txt
 D spikes/cgroup-bpf/evidence/s8/run1/s8-undetected-loss-cgroup-bpf.txt
 D spikes/cgroup-bpf/evidence/s8/run1/s8-undetected-loss-cgroups.txt
 D spikes/cgroup-bpf/evidence/s8/run1/s8-undetected-loss-links.txt
 D spikes/cgroup-bpf/evidence/s8/run1/s8-undetected-loss-map.json
 D spikes/cgroup-bpf/evidence/s8/run1/s8-undetected-loss-netns.txt
 D spikes/cgroup-bpf/evidence/s8/run1/s8-undetected-loss-nft.txt
 D spikes/cgroup-bpf/evidence/s8/run1/s8-undetected-loss-prog.json
 D spikes/cgroup-bpf/evidence/s8/run1/s8-undetected-loss-state-files.txt
 D spikes/cgroup-bpf/evidence/s8/run1/s8-undetected-loss.txt
 D spikes/cgroup-bpf/evidence/s8/run1/s8-upstream-443.txt
 D spikes/cgroup-bpf/evidence/s8/run1/s8-upstream-444.txt
 D spikes/cgroup-bpf/evidence/s8/run1/setup-validation-failed.txt
 D spikes/cgroup-bpf/evidence/s8/run2/s8-attributed-manual-cleanup.txt
 D spikes/cgroup-bpf/evidence/s8/run2/s8-baseline-bpffs.txt
 D spikes/cgroup-bpf/evidence/s8/run2/s8-baseline-link.json
 D spikes/cgroup-bpf/evidence/s8/run2/s8-baseline-map.json
 D spikes/cgroup-bpf/evidence/s8/run2/s8-baseline-nft.txt
 D spikes/cgroup-bpf/evidence/s8/run2/s8-baseline-prog.json
 D spikes/cgroup-bpf/evidence/s8/run2/s8-cleanup.txt
 D spikes/cgroup-bpf/evidence/s8/run2/s8-final-bpffs.txt
 D spikes/cgroup-bpf/evidence/s8/run2/s8-final-link.json
 D spikes/cgroup-bpf/evidence/s8/run2/s8-final-map.json
 D spikes/cgroup-bpf/evidence/s8/run2/s8-final-prog.json
 D spikes/cgroup-bpf/evidence/s8/run2/s8-preflight.txt
 D spikes/cgroup-bpf/evidence/s8/run2/s8-provenance.txt
 D spikes/cgroup-bpf/evidence/s8/run2/s8-run-exit-status.txt
 D spikes/cgroup-bpf/evidence/s8/run2/s8-scratch-cleanup.txt
 D spikes/cgroup-bpf/evidence/s8/run2/s8-systemd-run.txt
 D spikes/cgroup-bpf/evidence/s8/run2/s8-upstream-443.txt
 D spikes/cgroup-bpf/evidence/s8/run2/s8-upstream-444.txt
 D spikes/cgroup-bpf/evidence/s8/run2/setup-validation-failed.txt
 D spikes/cgroup-bpf/evidence/s8/run3/s8-after-detection-bpf-link.json
 D spikes/cgroup-bpf/evidence/s8/run3/s8-after-detection-bpffs.txt
 D spikes/cgroup-bpf/evidence/s8/run3/s8-after-detection-cgroup-bpf.txt
 D spikes/cgroup-bpf/evidence/s8/run3/s8-after-detection-cgroups.txt
 D spikes/cgroup-bpf/evidence/s8/run3/s8-after-detection-links.txt
 D spikes/cgroup-bpf/evidence/s8/run3/s8-after-detection-map.json
 D spikes/cgroup-bpf/evidence/s8/run3/s8-after-detection-netns.txt
 D spikes/cgroup-bpf/evidence/s8/run3/s8-after-detection-nft.txt
 D spikes/cgroup-bpf/evidence/s8/run3/s8-after-detection-prog.json
 D spikes/cgroup-bpf/evidence/s8/run3/s8-after-detection-state-files.txt
 D spikes/cgroup-bpf/evidence/s8/run3/s8-after-detection.txt
 D spikes/cgroup-bpf/evidence/s8/run3/s8-after-restart-sweep-bpf-link.json
 D spikes/cgroup-bpf/evidence/s8/run3/s8-after-restart-sweep-bpffs.txt
 D spikes/cgroup-bpf/evidence/s8/run3/s8-after-restart-sweep-cgroup-bpf.txt
 D spikes/cgroup-bpf/evidence/s8/run3/s8-after-restart-sweep-cgroups.txt
 D spikes/cgroup-bpf/evidence/s8/run3/s8-after-restart-sweep-links.txt
 D spikes/cgroup-bpf/evidence/s8/run3/s8-after-restart-sweep-map.json
 D spikes/cgroup-bpf/evidence/s8/run3/s8-after-restart-sweep-netns.txt
 D spikes/cgroup-bpf/evidence/s8/run3/s8-after-restart-sweep-nft.txt
 D spikes/cgroup-bpf/evidence/s8/run3/s8-after-restart-sweep-prog.json
 D spikes/cgroup-bpf/evidence/s8/run3/s8-after-restart-sweep-state-files.txt
 D spikes/cgroup-bpf/evidence/s8/run3/s8-after-runtime-exit-bpf-link.json
 D spikes/cgroup-bpf/evidence/s8/run3/s8-after-runtime-exit-bpffs.txt
 D spikes/cgroup-bpf/evidence/s8/run3/s8-after-runtime-exit-cgroup-bpf.txt
 D spikes/cgroup-bpf/evidence/s8/run3/s8-after-runtime-exit-cgroups.txt
 D spikes/cgroup-bpf/evidence/s8/run3/s8-after-runtime-exit-links.txt
 D spikes/cgroup-bpf/evidence/s8/run3/s8-after-runtime-exit-map.json
 D spikes/cgroup-bpf/evidence/s8/run3/s8-after-runtime-exit-netns.txt
 D spikes/cgroup-bpf/evidence/s8/run3/s8-after-runtime-exit-nft.txt
 D spikes/cgroup-bpf/evidence/s8/run3/s8-after-runtime-exit-prog.json
 D spikes/cgroup-bpf/evidence/s8/run3/s8-after-runtime-exit-state-files.txt
 D spikes/cgroup-bpf/evidence/s8/run3/s8-after-runtime-exit.txt
 D spikes/cgroup-bpf/evidence/s8/run3/s8-baseline-bpffs.txt
 D spikes/cgroup-bpf/evidence/s8/run3/s8-baseline-link.json
 D spikes/cgroup-bpf/evidence/s8/run3/s8-baseline-map.json
 D spikes/cgroup-bpf/evidence/s8/run3/s8-baseline-nft.txt
 D spikes/cgroup-bpf/evidence/s8/run3/s8-baseline-prog.json
 D spikes/cgroup-bpf/evidence/s8/run3/s8-before-helper-loss.txt
 D spikes/cgroup-bpf/evidence/s8/run3/s8-before-traffic-bpf-link.json
 D spikes/cgroup-bpf/evidence/s8/run3/s8-before-traffic-bpffs.txt
 D spikes/cgroup-bpf/evidence/s8/run3/s8-before-traffic-cgroup-bpf.txt
 D spikes/cgroup-bpf/evidence/s8/run3/s8-before-traffic-cgroups.txt
 D spikes/cgroup-bpf/evidence/s8/run3/s8-before-traffic-links.txt
 D spikes/cgroup-bpf/evidence/s8/run3/s8-before-traffic-map.json
 D spikes/cgroup-bpf/evidence/s8/run3/s8-before-traffic-membership.txt
 D spikes/cgroup-bpf/evidence/s8/run3/s8-before-traffic-netns.txt
 D spikes/cgroup-bpf/evidence/s8/run3/s8-before-traffic-nft.txt
 D spikes/cgroup-bpf/evidence/s8/run3/s8-before-traffic-prog.json
 D spikes/cgroup-bpf/evidence/s8/run3/s8-before-traffic-state-files.txt
 D spikes/cgroup-bpf/evidence/s8/run3/s8-cleanup.txt
 D spikes/cgroup-bpf/evidence/s8/run3/s8-existing-http-body.txt
 D spikes/cgroup-bpf/evidence/s8/run3/s8-existing-http-curl.txt
 D spikes/cgroup-bpf/evidence/s8/run3/s8-existing-http-headers.txt
 D spikes/cgroup-bpf/evidence/s8/run3/s8-existing-http-status.txt
 D spikes/cgroup-bpf/evidence/s8/run3/s8-existing-tunnel-body.txt
 D spikes/cgroup-bpf/evidence/s8/run3/s8-existing-tunnel-curl.txt
 D spikes/cgroup-bpf/evidence/s8/run3/s8-existing-tunnel-headers.txt
 D spikes/cgroup-bpf/evidence/s8/run3/s8-existing-tunnel-status.txt
 D spikes/cgroup-bpf/evidence/s8/run3/s8-final-bpffs.txt
 D spikes/cgroup-bpf/evidence/s8/run3/s8-final-link.json
 D spikes/cgroup-bpf/evidence/s8/run3/s8-final-map.json
 D spikes/cgroup-bpf/evidence/s8/run3/s8-final-prog.json
 D spikes/cgroup-bpf/evidence/s8/run3/s8-live-pre-loss-bpf-link.json
 D spikes/cgroup-bpf/evidence/s8/run3/s8-live-pre-loss-bpffs.txt
 D spikes/cgroup-bpf/evidence/s8/run3/s8-live-pre-loss-cgroup-bpf.txt
 D spikes/cgroup-bpf/evidence/s8/run3/s8-live-pre-loss-cgroups.txt
 D spikes/cgroup-bpf/evidence/s8/run3/s8-live-pre-loss-links.txt
 D spikes/cgroup-bpf/evidence/s8/run3/s8-live-pre-loss-map.json
 D spikes/cgroup-bpf/evidence/s8/run3/s8-live-pre-loss-netns.txt
 D spikes/cgroup-bpf/evidence/s8/run3/s8-live-pre-loss-nft.txt
 D spikes/cgroup-bpf/evidence/s8/run3/s8-live-pre-loss-prog.json
 D spikes/cgroup-bpf/evidence/s8/run3/s8-live-pre-loss-state-files.txt
 D spikes/cgroup-bpf/evidence/s8/run3/s8-post-detection-admission-curl.txt
 D spikes/cgroup-bpf/evidence/s8/run3/s8-post-detection-admission-exit-status.txt
 D spikes/cgroup-bpf/evidence/s8/run3/s8-post-detection-admission-status.txt
 D spikes/cgroup-bpf/evidence/s8/run3/s8-post-loss-effects-bpf-link.json
 D spikes/cgroup-bpf/evidence/s8/run3/s8-post-loss-effects-bpffs.txt
 D spikes/cgroup-bpf/evidence/s8/run3/s8-post-loss-effects-cgroup-bpf.txt
 D spikes/cgroup-bpf/evidence/s8/run3/s8-post-loss-effects-cgroups.txt
 D spikes/cgroup-bpf/evidence/s8/run3/s8-post-loss-effects-links.txt
 D spikes/cgroup-bpf/evidence/s8/run3/s8-post-loss-effects-map.json
 D spikes/cgroup-bpf/evidence/s8/run3/s8-post-loss-effects-netns.txt
 D spikes/cgroup-bpf/evidence/s8/run3/s8-post-loss-effects-nft.txt
 D spikes/cgroup-bpf/evidence/s8/run3/s8-post-loss-effects-prog.json
 D spikes/cgroup-bpf/evidence/s8/run3/s8-post-loss-effects-state-files.txt
 D spikes/cgroup-bpf/evidence/s8/run3/s8-post-loss-effects.txt
 D spikes/cgroup-bpf/evidence/s8/run3/s8-post-loss-tunnel-body.txt
 D spikes/cgroup-bpf/evidence/s8/run3/s8-post-loss-tunnel-curl.txt
 D spikes/cgroup-bpf/evidence/s8/run3/s8-post-loss-tunnel-headers.txt
 D spikes/cgroup-bpf/evidence/s8/run3/s8-post-loss-tunnel-status.txt
 D spikes/cgroup-bpf/evidence/s8/run3/s8-preflight.txt
 D spikes/cgroup-bpf/evidence/s8/run3/s8-provenance.txt
 D spikes/cgroup-bpf/evidence/s8/run3/s8-restart-journal.txt
 D spikes/cgroup-bpf/evidence/s8/run3/s8-restart-sweep.txt
 D spikes/cgroup-bpf/evidence/s8/run3/s8-run-exit-status.txt
 D spikes/cgroup-bpf/evidence/s8/run3/s8-runtime-before-traffic.txt
 D spikes/cgroup-bpf/evidence/s8/run3/s8-scratch-cleanup.txt
 D spikes/cgroup-bpf/evidence/s8/run3/s8-summary.txt
 D spikes/cgroup-bpf/evidence/s8/run3/s8-systemd-run.txt
 D spikes/cgroup-bpf/evidence/s8/run3/s8-trigger-body.txt
 D spikes/cgroup-bpf/evidence/s8/run3/s8-trigger-curl-exit-status.txt
 D spikes/cgroup-bpf/evidence/s8/run3/s8-trigger-curl.txt
 D spikes/cgroup-bpf/evidence/s8/run3/s8-trigger-headers.txt
 D spikes/cgroup-bpf/evidence/s8/run3/s8-trigger-status.txt
 D spikes/cgroup-bpf/evidence/s8/run3/s8-undetected-loss-bpf-link.json
 D spikes/cgroup-bpf/evidence/s8/run3/s8-undetected-loss-bpffs.txt
 D spikes/cgroup-bpf/evidence/s8/run3/s8-undetected-loss-cgroup-bpf.txt
 D spikes/cgroup-bpf/evidence/s8/run3/s8-undetected-loss-cgroups.txt
 D spikes/cgroup-bpf/evidence/s8/run3/s8-undetected-loss-links.txt
 D spikes/cgroup-bpf/evidence/s8/run3/s8-undetected-loss-map.json
 D spikes/cgroup-bpf/evidence/s8/run3/s8-undetected-loss-netns.txt
 D spikes/cgroup-bpf/evidence/s8/run3/s8-undetected-loss-nft.txt
 D spikes/cgroup-bpf/evidence/s8/run3/s8-undetected-loss-prog.json
 D spikes/cgroup-bpf/evidence/s8/run3/s8-undetected-loss-state-files.txt
 D spikes/cgroup-bpf/evidence/s8/run3/s8-undetected-loss.txt
 D spikes/cgroup-bpf/evidence/s8/run3/s8-upstream-443.txt
 D spikes/cgroup-bpf/evidence/s8/run3/s8-upstream-444.txt
 D spikes/cgroup-bpf/evidence/s8/run4/s8-after-detection-bpf-link.json
 D spikes/cgroup-bpf/evidence/s8/run4/s8-after-detection-bpffs.txt
 D spikes/cgroup-bpf/evidence/s8/run4/s8-after-detection-cgroup-bpf.txt
 D spikes/cgroup-bpf/evidence/s8/run4/s8-after-detection-cgroups.txt
 D spikes/cgroup-bpf/evidence/s8/run4/s8-after-detection-links.txt
 D spikes/cgroup-bpf/evidence/s8/run4/s8-after-detection-map.json
 D spikes/cgroup-bpf/evidence/s8/run4/s8-after-detection-netns.txt
 D spikes/cgroup-bpf/evidence/s8/run4/s8-after-detection-nft.txt
 D spikes/cgroup-bpf/evidence/s8/run4/s8-after-detection-prog.json
 D spikes/cgroup-bpf/evidence/s8/run4/s8-after-detection-state-files.txt
 D spikes/cgroup-bpf/evidence/s8/run4/s8-after-detection.txt
 D spikes/cgroup-bpf/evidence/s8/run4/s8-after-restart-sweep-bpf-link.json
 D spikes/cgroup-bpf/evidence/s8/run4/s8-after-restart-sweep-bpffs.txt
 D spikes/cgroup-bpf/evidence/s8/run4/s8-after-restart-sweep-cgroup-bpf.txt
 D spikes/cgroup-bpf/evidence/s8/run4/s8-after-restart-sweep-cgroups.txt
 D spikes/cgroup-bpf/evidence/s8/run4/s8-after-restart-sweep-links.txt
 D spikes/cgroup-bpf/evidence/s8/run4/s8-after-restart-sweep-map.json
 D spikes/cgroup-bpf/evidence/s8/run4/s8-after-restart-sweep-netns.txt
 D spikes/cgroup-bpf/evidence/s8/run4/s8-after-restart-sweep-nft.txt
 D spikes/cgroup-bpf/evidence/s8/run4/s8-after-restart-sweep-prog.json
 D spikes/cgroup-bpf/evidence/s8/run4/s8-after-restart-sweep-state-files.txt
 D spikes/cgroup-bpf/evidence/s8/run4/s8-after-runtime-exit-bpf-link.json
 D spikes/cgroup-bpf/evidence/s8/run4/s8-after-runtime-exit-bpffs.txt
 D spikes/cgroup-bpf/evidence/s8/run4/s8-after-runtime-exit-cgroup-bpf.txt
 D spikes/cgroup-bpf/evidence/s8/run4/s8-after-runtime-exit-cgroups.txt
 D spikes/cgroup-bpf/evidence/s8/run4/s8-after-runtime-exit-links.txt
 D spikes/cgroup-bpf/evidence/s8/run4/s8-after-runtime-exit-map.json
 D spikes/cgroup-bpf/evidence/s8/run4/s8-after-runtime-exit-netns.txt
 D spikes/cgroup-bpf/evidence/s8/run4/s8-after-runtime-exit-nft.txt
 D spikes/cgroup-bpf/evidence/s8/run4/s8-after-runtime-exit-prog.json
 D spikes/cgroup-bpf/evidence/s8/run4/s8-after-runtime-exit-state-files.txt
 D spikes/cgroup-bpf/evidence/s8/run4/s8-after-runtime-exit.txt
 D spikes/cgroup-bpf/evidence/s8/run4/s8-baseline-bpffs.txt
 D spikes/cgroup-bpf/evidence/s8/run4/s8-baseline-link.json
 D spikes/cgroup-bpf/evidence/s8/run4/s8-baseline-map.json
 D spikes/cgroup-bpf/evidence/s8/run4/s8-baseline-nft.txt
 D spikes/cgroup-bpf/evidence/s8/run4/s8-baseline-prog.json
 D spikes/cgroup-bpf/evidence/s8/run4/s8-before-helper-loss.txt
 D spikes/cgroup-bpf/evidence/s8/run4/s8-before-traffic-bpf-link.json
 D spikes/cgroup-bpf/evidence/s8/run4/s8-before-traffic-bpffs.txt
 D spikes/cgroup-bpf/evidence/s8/run4/s8-before-traffic-cgroup-bpf.txt
 D spikes/cgroup-bpf/evidence/s8/run4/s8-before-traffic-cgroups.txt
 D spikes/cgroup-bpf/evidence/s8/run4/s8-before-traffic-links.txt
 D spikes/cgroup-bpf/evidence/s8/run4/s8-before-traffic-map.json
 D spikes/cgroup-bpf/evidence/s8/run4/s8-before-traffic-membership.txt
 D spikes/cgroup-bpf/evidence/s8/run4/s8-before-traffic-netns.txt
 D spikes/cgroup-bpf/evidence/s8/run4/s8-before-traffic-nft.txt
 D spikes/cgroup-bpf/evidence/s8/run4/s8-before-traffic-prog.json
 D spikes/cgroup-bpf/evidence/s8/run4/s8-before-traffic-state-files.txt
 D spikes/cgroup-bpf/evidence/s8/run4/s8-cleanup.txt
 D spikes/cgroup-bpf/evidence/s8/run4/s8-existing-http-body.txt
 D spikes/cgroup-bpf/evidence/s8/run4/s8-existing-http-curl.txt
 D spikes/cgroup-bpf/evidence/s8/run4/s8-existing-http-headers.txt
 D spikes/cgroup-bpf/evidence/s8/run4/s8-existing-http-status.txt
 D spikes/cgroup-bpf/evidence/s8/run4/s8-existing-tunnel-body.txt
 D spikes/cgroup-bpf/evidence/s8/run4/s8-existing-tunnel-curl.txt
 D spikes/cgroup-bpf/evidence/s8/run4/s8-existing-tunnel-headers.txt
 D spikes/cgroup-bpf/evidence/s8/run4/s8-existing-tunnel-status.txt
 D spikes/cgroup-bpf/evidence/s8/run4/s8-final-bpffs.txt
 D spikes/cgroup-bpf/evidence/s8/run4/s8-final-link.json
 D spikes/cgroup-bpf/evidence/s8/run4/s8-final-map.json
 D spikes/cgroup-bpf/evidence/s8/run4/s8-final-prog.json
 D spikes/cgroup-bpf/evidence/s8/run4/s8-independent-final-validation.txt
 D spikes/cgroup-bpf/evidence/s8/run4/s8-live-pre-loss-bpf-link.json
 D spikes/cgroup-bpf/evidence/s8/run4/s8-live-pre-loss-bpffs.txt
 D spikes/cgroup-bpf/evidence/s8/run4/s8-live-pre-loss-cgroup-bpf.txt
 D spikes/cgroup-bpf/evidence/s8/run4/s8-live-pre-loss-cgroups.txt
 D spikes/cgroup-bpf/evidence/s8/run4/s8-live-pre-loss-links.txt
 D spikes/cgroup-bpf/evidence/s8/run4/s8-live-pre-loss-map.json
 D spikes/cgroup-bpf/evidence/s8/run4/s8-live-pre-loss-netns.txt
 D spikes/cgroup-bpf/evidence/s8/run4/s8-live-pre-loss-nft.txt
 D spikes/cgroup-bpf/evidence/s8/run4/s8-live-pre-loss-prog.json
 D spikes/cgroup-bpf/evidence/s8/run4/s8-live-pre-loss-state-files.txt
 D spikes/cgroup-bpf/evidence/s8/run4/s8-post-detection-admission-curl.txt
 D spikes/cgroup-bpf/evidence/s8/run4/s8-post-detection-admission-exit-status.txt
 D spikes/cgroup-bpf/evidence/s8/run4/s8-post-detection-admission-status.txt
 D spikes/cgroup-bpf/evidence/s8/run4/s8-post-loss-effects-bpf-link.json
 D spikes/cgroup-bpf/evidence/s8/run4/s8-post-loss-effects-bpffs.txt
 D spikes/cgroup-bpf/evidence/s8/run4/s8-post-loss-effects-cgroup-bpf.txt
 D spikes/cgroup-bpf/evidence/s8/run4/s8-post-loss-effects-cgroups.txt
 D spikes/cgroup-bpf/evidence/s8/run4/s8-post-loss-effects-links.txt
 D spikes/cgroup-bpf/evidence/s8/run4/s8-post-loss-effects-map.json
 D spikes/cgroup-bpf/evidence/s8/run4/s8-post-loss-effects-netns.txt
 D spikes/cgroup-bpf/evidence/s8/run4/s8-post-loss-effects-nft.txt
 D spikes/cgroup-bpf/evidence/s8/run4/s8-post-loss-effects-prog.json
 D spikes/cgroup-bpf/evidence/s8/run4/s8-post-loss-effects-state-files.txt
 D spikes/cgroup-bpf/evidence/s8/run4/s8-post-loss-effects.txt
 D spikes/cgroup-bpf/evidence/s8/run4/s8-post-loss-tunnel-body.txt
 D spikes/cgroup-bpf/evidence/s8/run4/s8-post-loss-tunnel-curl.txt
 D spikes/cgroup-bpf/evidence/s8/run4/s8-post-loss-tunnel-headers.txt
 D spikes/cgroup-bpf/evidence/s8/run4/s8-post-loss-tunnel-status.txt
 D spikes/cgroup-bpf/evidence/s8/run4/s8-preflight.txt
 D spikes/cgroup-bpf/evidence/s8/run4/s8-provenance.txt
 D spikes/cgroup-bpf/evidence/s8/run4/s8-restart-journal.txt
 D spikes/cgroup-bpf/evidence/s8/run4/s8-restart-sweep.txt
 D spikes/cgroup-bpf/evidence/s8/run4/s8-run-exit-status.txt
 D spikes/cgroup-bpf/evidence/s8/run4/s8-runtime-before-traffic.txt
 D spikes/cgroup-bpf/evidence/s8/run4/s8-scratch-cleanup.txt
 D spikes/cgroup-bpf/evidence/s8/run4/s8-summary.txt
 D spikes/cgroup-bpf/evidence/s8/run4/s8-systemd-run.txt
 D spikes/cgroup-bpf/evidence/s8/run4/s8-trigger-body.txt
 D spikes/cgroup-bpf/evidence/s8/run4/s8-trigger-curl-exit-status.txt
 D spikes/cgroup-bpf/evidence/s8/run4/s8-trigger-curl.txt
 D spikes/cgroup-bpf/evidence/s8/run4/s8-trigger-headers.txt
 D spikes/cgroup-bpf/evidence/s8/run4/s8-trigger-status.txt
 D spikes/cgroup-bpf/evidence/s8/run4/s8-undetected-loss-bpf-link.json
 D spikes/cgroup-bpf/evidence/s8/run4/s8-undetected-loss-bpffs.txt
 D spikes/cgroup-bpf/evidence/s8/run4/s8-undetected-loss-cgroup-bpf.txt
 D spikes/cgroup-bpf/evidence/s8/run4/s8-undetected-loss-cgroups.txt
 D spikes/cgroup-bpf/evidence/s8/run4/s8-undetected-loss-links.txt
 D spikes/cgroup-bpf/evidence/s8/run4/s8-undetected-loss-map.json
 D spikes/cgroup-bpf/evidence/s8/run4/s8-undetected-loss-netns.txt
 D spikes/cgroup-bpf/evidence/s8/run4/s8-undetected-loss-nft.txt
 D spikes/cgroup-bpf/evidence/s8/run4/s8-undetected-loss-prog.json
 D spikes/cgroup-bpf/evidence/s8/run4/s8-undetected-loss-state-files.txt
 D spikes/cgroup-bpf/evidence/s8/run4/s8-undetected-loss.txt
 D spikes/cgroup-bpf/evidence/s8/run4/s8-upstream-443.txt
 D spikes/cgroup-bpf/evidence/s8/run4/s8-upstream-444.txt
 D spikes/cgroup-bpf/evidence/s9/run1/s4-baseline-bpffs.txt
 D spikes/cgroup-bpf/evidence/s9/run1/s4-baseline-link.json
 D spikes/cgroup-bpf/evidence/s9/run1/s4-baseline-map.json
 D spikes/cgroup-bpf/evidence/s9/run1/s4-baseline-prog.json
 D spikes/cgroup-bpf/evidence/s9/run1/s4-cleanup.txt
 D spikes/cgroup-bpf/evidence/s9/run1/s4-final-bpffs.txt
 D spikes/cgroup-bpf/evidence/s9/run1/s4-final-link.json
 D spikes/cgroup-bpf/evidence/s9/run1/s4-final-map.json
 D spikes/cgroup-bpf/evidence/s9/run1/s4-final-prog.json
 D spikes/cgroup-bpf/evidence/s9/run1/s4-foreign-allow-after.json
 D spikes/cgroup-bpf/evidence/s9/run1/s4-foreign-allow.json
 D spikes/cgroup-bpf/evidence/s9/run1/s4-foreign-ancestor-after.json
 D spikes/cgroup-bpf/evidence/s9/run1/s4-foreign-ancestor-direct.json
 D spikes/cgroup-bpf/evidence/s9/run1/s4-foreign-rewrite-not-attached.json
 D spikes/cgroup-bpf/evidence/s9/run1/s4-foreign-setup.txt
 D spikes/cgroup-bpf/evidence/s9/run1/s4-foreign-trace.txt
 D spikes/cgroup-bpf/evidence/s9/run1/s4-fresh-ancestor-direct.json
 D spikes/cgroup-bpf/evidence/s9/run1/s4-fresh-cgroups.txt
 D spikes/cgroup-bpf/evidence/s9/run1/s4-fresh-child-direct.json
 D spikes/cgroup-bpf/evidence/s9/run1/s4-fresh-child-effective.json
 D spikes/cgroup-bpf/evidence/s9/run1/s4-harness-exit-status.txt
 D spikes/cgroup-bpf/evidence/s9/run1/s4-harness.txt
 D spikes/cgroup-bpf/evidence/s9/run1/s4-membership.txt
 D spikes/cgroup-bpf/evidence/s9/run1/s4-nft-after.json
 D spikes/cgroup-bpf/evidence/s9/run1/s4-nft-after.txt
 D spikes/cgroup-bpf/evidence/s9/run1/s4-nft-before.json
 D spikes/cgroup-bpf/evidence/s9/run1/s4-nft-before.txt
 D spikes/cgroup-bpf/evidence/s9/run1/s4-nft-during.json
 D spikes/cgroup-bpf/evidence/s9/run1/s4-nft-during.txt
 D spikes/cgroup-bpf/evidence/s9/run1/s4-nft-phase-c.txt
 D spikes/cgroup-bpf/evidence/s9/run1/s4-nft-relaxation.txt
 D spikes/cgroup-bpf/evidence/s9/run1/s4-nft-restoration.txt
 D spikes/cgroup-bpf/evidence/s9/run1/s4-phase-a-ancestor-direct.json
 D spikes/cgroup-bpf/evidence/s9/run1/s4-phase-a-bpffs.txt
 D spikes/cgroup-bpf/evidence/s9/run1/s4-phase-a-cgroup-direct.json
 D spikes/cgroup-bpf/evidence/s9/run1/s4-phase-a-cgroup-effective.json
 D spikes/cgroup-bpf/evidence/s9/run1/s4-phase-a-link.json
 D spikes/cgroup-bpf/evidence/s9/run1/s4-phase-a-map.json
 D spikes/cgroup-bpf/evidence/s9/run1/s4-phase-a-prog.json
 D spikes/cgroup-bpf/evidence/s9/run1/s4-phase-b-ancestor-direct.json
 D spikes/cgroup-bpf/evidence/s9/run1/s4-phase-b-before-counters.json
 D spikes/cgroup-bpf/evidence/s9/run1/s4-phase-b-before-denies.json
 D spikes/cgroup-bpf/evidence/s9/run1/s4-phase-b-before-diag.json
 D spikes/cgroup-bpf/evidence/s9/run1/s4-phase-b-cgroup-direct.json
 D spikes/cgroup-bpf/evidence/s9/run1/s4-phase-b-cgroup-effective.json
 D spikes/cgroup-bpf/evidence/s9/run1/s4-phase-b-link.json
 D spikes/cgroup-bpf/evidence/s9/run1/s4-phase-b-map.json
 D spikes/cgroup-bpf/evidence/s9/run1/s4-phase-b-prog.json
 D spikes/cgroup-bpf/evidence/s9/run1/s4-phase-c-ancestor-direct.json
 D spikes/cgroup-bpf/evidence/s9/run1/s4-phase-c-cgroup-direct.json
 D spikes/cgroup-bpf/evidence/s9/run1/s4-phase-c-cgroup-effective.json
 D spikes/cgroup-bpf/evidence/s9/run1/s4-phase-c-link.json
 D spikes/cgroup-bpf/evidence/s9/run1/s4-phase-c-map.json
 D spikes/cgroup-bpf/evidence/s9/run1/s4-phase-c-prog.json
 D spikes/cgroup-bpf/evidence/s9/run1/s4-preflight.txt
 D spikes/cgroup-bpf/evidence/s9/run1/s4-provenance.txt
 D spikes/cgroup-bpf/evidence/s9/run1/s4-run-exit-status.txt
 D spikes/cgroup-bpf/evidence/s9/run1/s4-summary.txt
 D spikes/cgroup-bpf/evidence/s9/run1/s4-topology.txt
 D spikes/cgroup-bpf/evidence/s9/run1/s9-summary.txt
 D spikes/cgroup-bpf/evidence/s9/run2/s4-baseline-bpffs.txt
 D spikes/cgroup-bpf/evidence/s9/run2/s4-baseline-link.json
 D spikes/cgroup-bpf/evidence/s9/run2/s4-baseline-map.json
 D spikes/cgroup-bpf/evidence/s9/run2/s4-baseline-prog.json
 D spikes/cgroup-bpf/evidence/s9/run2/s4-cleanup.txt
 D spikes/cgroup-bpf/evidence/s9/run2/s4-final-bpffs.txt
 D spikes/cgroup-bpf/evidence/s9/run2/s4-final-link.json
 D spikes/cgroup-bpf/evidence/s9/run2/s4-final-map.json
 D spikes/cgroup-bpf/evidence/s9/run2/s4-final-prog.json
 D spikes/cgroup-bpf/evidence/s9/run2/s4-foreign-allow-after.json
 D spikes/cgroup-bpf/evidence/s9/run2/s4-foreign-allow.json
 D spikes/cgroup-bpf/evidence/s9/run2/s4-foreign-ancestor-after.json
 D spikes/cgroup-bpf/evidence/s9/run2/s4-foreign-ancestor-direct.json
 D spikes/cgroup-bpf/evidence/s9/run2/s4-foreign-rewrite-not-attached.json
 D spikes/cgroup-bpf/evidence/s9/run2/s4-foreign-setup.txt
 D spikes/cgroup-bpf/evidence/s9/run2/s4-foreign-trace-map.json
 D spikes/cgroup-bpf/evidence/s9/run2/s4-foreign-trace.txt
 D spikes/cgroup-bpf/evidence/s9/run2/s4-fresh-ancestor-direct.json
 D spikes/cgroup-bpf/evidence/s9/run2/s4-fresh-cgroups.txt
 D spikes/cgroup-bpf/evidence/s9/run2/s4-fresh-child-direct.json
 D spikes/cgroup-bpf/evidence/s9/run2/s4-fresh-child-effective.json
 D spikes/cgroup-bpf/evidence/s9/run2/s4-harness-exit-status.txt
 D spikes/cgroup-bpf/evidence/s9/run2/s4-harness.txt
 D spikes/cgroup-bpf/evidence/s9/run2/s4-membership.txt
 D spikes/cgroup-bpf/evidence/s9/run2/s4-nft-after.json
 D spikes/cgroup-bpf/evidence/s9/run2/s4-nft-after.txt
 D spikes/cgroup-bpf/evidence/s9/run2/s4-nft-before.json
 D spikes/cgroup-bpf/evidence/s9/run2/s4-nft-before.txt
 D spikes/cgroup-bpf/evidence/s9/run2/s4-nft-during.json
 D spikes/cgroup-bpf/evidence/s9/run2/s4-nft-during.txt
 D spikes/cgroup-bpf/evidence/s9/run2/s4-nft-phase-c.txt
 D spikes/cgroup-bpf/evidence/s9/run2/s4-nft-relaxation.txt
 D spikes/cgroup-bpf/evidence/s9/run2/s4-nft-restoration.txt
 D spikes/cgroup-bpf/evidence/s9/run2/s4-phase-a-ancestor-direct.json
 D spikes/cgroup-bpf/evidence/s9/run2/s4-phase-a-bpffs.txt
 D spikes/cgroup-bpf/evidence/s9/run2/s4-phase-a-cgroup-direct.json
 D spikes/cgroup-bpf/evidence/s9/run2/s4-phase-a-cgroup-effective.json
 D spikes/cgroup-bpf/evidence/s9/run2/s4-phase-a-link.json
 D spikes/cgroup-bpf/evidence/s9/run2/s4-phase-a-map.json
 D spikes/cgroup-bpf/evidence/s9/run2/s4-phase-a-prog.json
 D spikes/cgroup-bpf/evidence/s9/run2/s4-phase-b-ancestor-direct.json
 D spikes/cgroup-bpf/evidence/s9/run2/s4-phase-b-before-counters.json
 D spikes/cgroup-bpf/evidence/s9/run2/s4-phase-b-before-denies.json
 D spikes/cgroup-bpf/evidence/s9/run2/s4-phase-b-before-diag.json
 D spikes/cgroup-bpf/evidence/s9/run2/s4-phase-b-cgroup-direct.json
 D spikes/cgroup-bpf/evidence/s9/run2/s4-phase-b-cgroup-effective.json
 D spikes/cgroup-bpf/evidence/s9/run2/s4-phase-b-link.json
 D spikes/cgroup-bpf/evidence/s9/run2/s4-phase-b-map.json
 D spikes/cgroup-bpf/evidence/s9/run2/s4-phase-b-prog.json
 D spikes/cgroup-bpf/evidence/s9/run2/s4-phase-c-ancestor-direct.json
 D spikes/cgroup-bpf/evidence/s9/run2/s4-phase-c-cgroup-direct.json
 D spikes/cgroup-bpf/evidence/s9/run2/s4-phase-c-cgroup-effective.json
 D spikes/cgroup-bpf/evidence/s9/run2/s4-phase-c-link.json
 D spikes/cgroup-bpf/evidence/s9/run2/s4-phase-c-map.json
 D spikes/cgroup-bpf/evidence/s9/run2/s4-phase-c-prog.json
 D spikes/cgroup-bpf/evidence/s9/run2/s4-preflight.txt
 D spikes/cgroup-bpf/evidence/s9/run2/s4-provenance.txt
 D spikes/cgroup-bpf/evidence/s9/run2/s4-run-exit-status.txt
 D spikes/cgroup-bpf/evidence/s9/run2/s4-summary.txt
 D spikes/cgroup-bpf/evidence/s9/run2/s4-topology.txt
 D spikes/cgroup-bpf/evidence/s9/run2/s9-summary.txt
 D spikes/cgroup-bpf/evidence/s9/run3/s4-baseline-bpffs.txt
 D spikes/cgroup-bpf/evidence/s9/run3/s4-baseline-link.json
 D spikes/cgroup-bpf/evidence/s9/run3/s4-baseline-map.json
 D spikes/cgroup-bpf/evidence/s9/run3/s4-baseline-prog.json
 D spikes/cgroup-bpf/evidence/s9/run3/s4-cleanup.txt
 D spikes/cgroup-bpf/evidence/s9/run3/s4-final-bpffs.txt
 D spikes/cgroup-bpf/evidence/s9/run3/s4-final-link.json
 D spikes/cgroup-bpf/evidence/s9/run3/s4-final-map.json
 D spikes/cgroup-bpf/evidence/s9/run3/s4-final-prog.json
 D spikes/cgroup-bpf/evidence/s9/run3/s4-foreign-allow-after.json
 D spikes/cgroup-bpf/evidence/s9/run3/s4-foreign-allow.json
 D spikes/cgroup-bpf/evidence/s9/run3/s4-foreign-ancestor-after.json
 D spikes/cgroup-bpf/evidence/s9/run3/s4-foreign-ancestor-direct.json
 D spikes/cgroup-bpf/evidence/s9/run3/s4-foreign-rewrite-not-attached.json
 D spikes/cgroup-bpf/evidence/s9/run3/s4-foreign-setup.txt
 D spikes/cgroup-bpf/evidence/s9/run3/s4-foreign-trace-map.json
 D spikes/cgroup-bpf/evidence/s9/run3/s4-foreign-trace.txt
 D spikes/cgroup-bpf/evidence/s9/run3/s4-fresh-ancestor-direct.json
 D spikes/cgroup-bpf/evidence/s9/run3/s4-fresh-cgroups.txt
 D spikes/cgroup-bpf/evidence/s9/run3/s4-fresh-child-direct.json
 D spikes/cgroup-bpf/evidence/s9/run3/s4-fresh-child-effective.json
 D spikes/cgroup-bpf/evidence/s9/run3/s4-harness-exit-status.txt
 D spikes/cgroup-bpf/evidence/s9/run3/s4-harness.txt
 D spikes/cgroup-bpf/evidence/s9/run3/s4-membership.txt
 D spikes/cgroup-bpf/evidence/s9/run3/s4-nft-after.json
 D spikes/cgroup-bpf/evidence/s9/run3/s4-nft-after.txt
 D spikes/cgroup-bpf/evidence/s9/run3/s4-nft-before.json
 D spikes/cgroup-bpf/evidence/s9/run3/s4-nft-before.txt
 D spikes/cgroup-bpf/evidence/s9/run3/s4-nft-during.json
 D spikes/cgroup-bpf/evidence/s9/run3/s4-nft-during.txt
 D spikes/cgroup-bpf/evidence/s9/run3/s4-nft-phase-c.txt
 D spikes/cgroup-bpf/evidence/s9/run3/s4-nft-relaxation.txt
 D spikes/cgroup-bpf/evidence/s9/run3/s4-nft-restoration.txt
 D spikes/cgroup-bpf/evidence/s9/run3/s4-phase-a-ancestor-direct.json
 D spikes/cgroup-bpf/evidence/s9/run3/s4-phase-a-bpffs.txt
 D spikes/cgroup-bpf/evidence/s9/run3/s4-phase-a-cgroup-direct.json
 D spikes/cgroup-bpf/evidence/s9/run3/s4-phase-a-cgroup-effective.json
 D spikes/cgroup-bpf/evidence/s9/run3/s4-phase-a-link.json
 D spikes/cgroup-bpf/evidence/s9/run3/s4-phase-a-map.json
 D spikes/cgroup-bpf/evidence/s9/run3/s4-phase-a-prog.json
 D spikes/cgroup-bpf/evidence/s9/run3/s4-phase-b-ancestor-direct.json
 D spikes/cgroup-bpf/evidence/s9/run3/s4-phase-b-before-counters.json
 D spikes/cgroup-bpf/evidence/s9/run3/s4-phase-b-before-denies.json
 D spikes/cgroup-bpf/evidence/s9/run3/s4-phase-b-before-diag.json
 D spikes/cgroup-bpf/evidence/s9/run3/s4-phase-b-cgroup-direct.json
 D spikes/cgroup-bpf/evidence/s9/run3/s4-phase-b-cgroup-effective.json
 D spikes/cgroup-bpf/evidence/s9/run3/s4-phase-b-link.json
 D spikes/cgroup-bpf/evidence/s9/run3/s4-phase-b-map.json
 D spikes/cgroup-bpf/evidence/s9/run3/s4-phase-b-prog.json
 D spikes/cgroup-bpf/evidence/s9/run3/s4-phase-c-ancestor-direct.json
 D spikes/cgroup-bpf/evidence/s9/run3/s4-phase-c-cgroup-direct.json
 D spikes/cgroup-bpf/evidence/s9/run3/s4-phase-c-cgroup-effective.json
 D spikes/cgroup-bpf/evidence/s9/run3/s4-phase-c-link.json
 D spikes/cgroup-bpf/evidence/s9/run3/s4-phase-c-map.json
 D spikes/cgroup-bpf/evidence/s9/run3/s4-phase-c-prog.json
 D spikes/cgroup-bpf/evidence/s9/run3/s4-preflight.txt
 D spikes/cgroup-bpf/evidence/s9/run3/s4-provenance.txt
 D spikes/cgroup-bpf/evidence/s9/run3/s4-run-exit-status.txt
 D spikes/cgroup-bpf/evidence/s9/run3/s4-summary.txt
 D spikes/cgroup-bpf/evidence/s9/run3/s4-topology.txt
 D spikes/cgroup-bpf/evidence/s9/run3/s9-summary.txt
 D spikes/cgroup-bpf/evidence/s9/run4/s4-baseline-bpffs.txt
 D spikes/cgroup-bpf/evidence/s9/run4/s4-baseline-link.json
 D spikes/cgroup-bpf/evidence/s9/run4/s4-baseline-map.json
 D spikes/cgroup-bpf/evidence/s9/run4/s4-baseline-prog.json
 D spikes/cgroup-bpf/evidence/s9/run4/s4-cleanup.txt
 D spikes/cgroup-bpf/evidence/s9/run4/s4-final-bpffs.txt
 D spikes/cgroup-bpf/evidence/s9/run4/s4-final-link.json
 D spikes/cgroup-bpf/evidence/s9/run4/s4-final-map.json
 D spikes/cgroup-bpf/evidence/s9/run4/s4-final-prog.json
 D spikes/cgroup-bpf/evidence/s9/run4/s4-foreign-allow-after.json
 D spikes/cgroup-bpf/evidence/s9/run4/s4-foreign-allow.json
 D spikes/cgroup-bpf/evidence/s9/run4/s4-foreign-ancestor-after.json
 D spikes/cgroup-bpf/evidence/s9/run4/s4-foreign-ancestor-direct.json
 D spikes/cgroup-bpf/evidence/s9/run4/s4-foreign-rewrite-not-attached.json
 D spikes/cgroup-bpf/evidence/s9/run4/s4-foreign-setup.txt
 D spikes/cgroup-bpf/evidence/s9/run4/s4-foreign-trace-map.json
 D spikes/cgroup-bpf/evidence/s9/run4/s4-foreign-trace.txt
 D spikes/cgroup-bpf/evidence/s9/run4/s4-fresh-ancestor-direct.json
 D spikes/cgroup-bpf/evidence/s9/run4/s4-fresh-cgroups.txt
 D spikes/cgroup-bpf/evidence/s9/run4/s4-fresh-child-direct.json
 D spikes/cgroup-bpf/evidence/s9/run4/s4-fresh-child-effective.json
 D spikes/cgroup-bpf/evidence/s9/run4/s4-harness-exit-status.txt
 D spikes/cgroup-bpf/evidence/s9/run4/s4-harness.txt
 D spikes/cgroup-bpf/evidence/s9/run4/s4-membership.txt
 D spikes/cgroup-bpf/evidence/s9/run4/s4-nft-after.json
 D spikes/cgroup-bpf/evidence/s9/run4/s4-nft-after.txt
 D spikes/cgroup-bpf/evidence/s9/run4/s4-nft-before.json
 D spikes/cgroup-bpf/evidence/s9/run4/s4-nft-before.txt
 D spikes/cgroup-bpf/evidence/s9/run4/s4-nft-during.json
 D spikes/cgroup-bpf/evidence/s9/run4/s4-nft-during.txt
 D spikes/cgroup-bpf/evidence/s9/run4/s4-nft-phase-c.txt
 D spikes/cgroup-bpf/evidence/s9/run4/s4-nft-relaxation.txt
 D spikes/cgroup-bpf/evidence/s9/run4/s4-nft-restoration.txt
 D spikes/cgroup-bpf/evidence/s9/run4/s4-phase-a-ancestor-direct.json
 D spikes/cgroup-bpf/evidence/s9/run4/s4-phase-a-bpffs.txt
 D spikes/cgroup-bpf/evidence/s9/run4/s4-phase-a-cgroup-direct.json
 D spikes/cgroup-bpf/evidence/s9/run4/s4-phase-a-cgroup-effective.json
 D spikes/cgroup-bpf/evidence/s9/run4/s4-phase-a-link.json
 D spikes/cgroup-bpf/evidence/s9/run4/s4-phase-a-map.json
 D spikes/cgroup-bpf/evidence/s9/run4/s4-phase-a-prog.json
 D spikes/cgroup-bpf/evidence/s9/run4/s4-phase-b-ancestor-direct.json
 D spikes/cgroup-bpf/evidence/s9/run4/s4-phase-b-before-counters.json
 D spikes/cgroup-bpf/evidence/s9/run4/s4-phase-b-before-denies.json
 D spikes/cgroup-bpf/evidence/s9/run4/s4-phase-b-before-diag.json
 D spikes/cgroup-bpf/evidence/s9/run4/s4-phase-b-cgroup-direct.json
 D spikes/cgroup-bpf/evidence/s9/run4/s4-phase-b-cgroup-effective.json
 D spikes/cgroup-bpf/evidence/s9/run4/s4-phase-b-link.json
 D spikes/cgroup-bpf/evidence/s9/run4/s4-phase-b-map.json
 D spikes/cgroup-bpf/evidence/s9/run4/s4-phase-b-prog.json
 D spikes/cgroup-bpf/evidence/s9/run4/s4-phase-c-ancestor-direct.json
 D spikes/cgroup-bpf/evidence/s9/run4/s4-phase-c-cgroup-direct.json
 D spikes/cgroup-bpf/evidence/s9/run4/s4-phase-c-cgroup-effective.json
 D spikes/cgroup-bpf/evidence/s9/run4/s4-phase-c-link.json
 D spikes/cgroup-bpf/evidence/s9/run4/s4-phase-c-map.json
 D spikes/cgroup-bpf/evidence/s9/run4/s4-phase-c-prog.json
 D spikes/cgroup-bpf/evidence/s9/run4/s4-preflight.txt
 D spikes/cgroup-bpf/evidence/s9/run4/s4-provenance.txt
 D spikes/cgroup-bpf/evidence/s9/run4/s4-run-exit-status.txt
 D spikes/cgroup-bpf/evidence/s9/run4/s4-summary.txt
 D spikes/cgroup-bpf/evidence/s9/run4/s4-topology.txt
 D spikes/cgroup-bpf/evidence/s9/run4/s9-independent-cleanup.txt
 D spikes/cgroup-bpf/evidence/s9/run4/s9-summary.txt
 D spikes/cgroup-bpf/harness/Cargo.toml
 D spikes/cgroup-bpf/harness/src/bin/foreign_trace.rs
 D spikes/cgroup-bpf/harness/src/bin/s04_connect4.rs
 D spikes/cgroup-bpf/harness/src/bin/s10_rewrite.rs
 D spikes/cgroup-bpf/harness/src/bin/s12_exhaustion.rs
 D spikes/cgroup-bpf/harness/src/bin/s14_scaling.rs
 D spikes/cgroup-bpf/harness/src/bin/s1_attribution.rs
 D spikes/cgroup-bpf/harness/src/bin/s2_concurrency.rs
 D spikes/cgroup-bpf/harness/src/bin/s4_direct_deny.rs
 D spikes/cgroup-bpf/harness/src/bin/s5_hook_isolation.rs
 D spikes/cgroup-bpf/harness/src/bin/s7_pinned_loader.rs
 D spikes/cgroup-bpf/harness/src/main.rs
 M spikes/cgroup-bpf/lima.yaml
 D spikes/cgroup-bpf/run-s1.sh
 D spikes/cgroup-bpf/run-s10.sh
 D spikes/cgroup-bpf/run-s11.sh
 D spikes/cgroup-bpf/run-s12.sh
 D spikes/cgroup-bpf/run-s13-v2.sh
 D spikes/cgroup-bpf/run-s13.sh
 D spikes/cgroup-bpf/run-s14-limit-diagnostic.sh
 D spikes/cgroup-bpf/run-s14.sh
 D spikes/cgroup-bpf/run-s2.sh
 D spikes/cgroup-bpf/run-s3.sh
 D spikes/cgroup-bpf/run-s4.sh
 D spikes/cgroup-bpf/run-s5.sh
 D spikes/cgroup-bpf/run-s6.sh
 D spikes/cgroup-bpf/run-s7.sh
 D spikes/cgroup-bpf/run-s8.sh
 D spikes/cgroup-bpf/run-s9.sh
 D spikes/cgroup-bpf/s13-state-manager.sh
 D spikes/cgroup-bpf/soglia-s0-delegation.sh
?? spikes/cgroup-bpf-old/
?? spikes/cgroup-bpf/MIGRATION.md
?? spikes/cgroup-bpf/README.md
?? spikes/cgroup-bpf/SPEC.md
?? spikes/cgroup-bpf/evidence/replay/
?? spikes/cgroup-bpf/evidence_old/
?? spikes/cgroup-bpf/host/
?? spikes/cgroup-bpf/runner/
